bc6d9597 a673c5c1 3bcc26c8 be2ac699 b9637b5c bea91df8 bbca5fd1 bedf7d5d bcca5fd1 bee87c3e bc98399a bec4438a bd18399a be81f7fe bd7ddb41 bde63a2c bda0ce2d bbc2099b bdd7e949 3d0e37a1 bdf59bfd 3b867e27 be23018a bd9ed9f6 be0bf724 be317253 be20ea9d be7949e4 be20ea9d be85224b be2962bf be5d13b9 be1a979f be011969 be123beb bcac1922 be340008 3d85d77b be163f1e 3ddd6cd6 be299b9f 3dccf9ef be2526ae 3d5b2c5c be164d55 bbae68a7 be099920 bd3de6b3 bdd38291 bd4067df bdcb0a6e 392e1723 bdc6dc94 3dae7993 bde8f5ff 3e3e19aa bdd3d7df 3e8d13ca bda0ea9d 3eabb664 bd987279 3eb7ed3b bd318594 3eb68014 bcba1a27 3eb1d8ef 3c6e7912 3eb5ba61 3ced23da 3eca88c3 3d757f8d 3ef1f37e 3de07ddc 3f131dc4 3e0bbe44 3f2e2786 3e340008 3f43ef07 3e66df12 3f4fe8b2 3e8241c7 3f50b801 3e932af2 3f488474 3eaeb880 3f3bf839 3ec3e4d9 3f3053c3 3edc41ca 3f295a5e 3eef501a 3f27e7ee 3f023e39 3f29bbf9 3f0b3c18 3f2a8c19 3f11095b 3f25efb0 3f0ff33a 3f19616f 3f252dc9 3f05895d 3f2da97c 3edc90a9 3f2a7553 3eb2f06d 3f2af780 3e99a868 3f2eadd5 3e97a288 3f2f371d 3eac6d2d 3f23957c 3ecffce6 3f251c04 3ef5176b 3f1e46da 3f06bf66 3f1a9081 3f072667 3f14bfb1 3ef2e2a1 3f17de87 3ebd675b 3f12a1a9 3e69977b 3f0d5692 3d852d1f 3f0a25f8 bddc0128 3f06f8ea be91eb3b 3f044e0b bef08581 3efadc68 bf2a10d8 3ee5b011 bf5d2ebc 3ecb3515 bf868366 3ea0ea9d bf98b2eb 3e759bfd bfa00000 3e1a979f bf97ba8a 3dad742b bf7aed21 bc4d0a42 bf2504be bded5cb9 be6341c1 be759bfd 3e5ee5d8 bea20b68 3f17c9ca bed2b714 3f552dc6 beef501a 3f65914f beff2dcd 3f49d903 bef15fea 3f0e5caf bef17540 3e8f73d0 bec7001e 3d50cb76 beab7291 bd6c37f5 be987279 bc25f302 be77a4b1 3e38caaf be4b26dd 3ee9a30d be1c921c 3f3b93fe bdf5631d 3f6c7d9d bd981d2c 3f77e6b8 bcfcf7c5 3f5913b9 3c998ed3 3f175ce2 3da9b80d 3e873746 3e1ccafa bd53c722 3e64c826 be91226d 3e911405 bec71fbb 3ea0ea9d bebbcdcb 3ebd98f5 be82168f 3eb70d18 bde36d6d 3ea4296f a5d4b77b 3ea74bd3 3d115f14 3e9cb5a9 bc84f891 3e92185f be08542b 3e717c5a be89cb91 3e68e7c9 bebe1bfc 3e4d6872 becc06a3 3e4d4c01 beab6e2b 3e2b5d3d be46afe4 3e05409f bc5a7852 3db1a204 3e240d59 3d82e29b 3e926381 3b85bb3c 3eaf57b6 bd31be73 3eaaa98c bd2962bf 3e90fda5 bd323030 3e68a4f1 bd54499d 3e49eb54 bc6cb21b 3e571a13 bcba8be4 3e864914 bc28f103 3eaa1a59 3b878233 3ec74672 3c98ab58 3ecf8829 3cfe4d00 3ebb6bc2 3d53d7df 3e8cf8de 3d8ffa56 3e1d9987 3ddc5002 3d00f404 3e056b47 bd82f0ae 3e2970f8 bdecd476 3e3616f4 bdfc3bee 3e44f04e bdceca08 3e383c1a bd92c8fa 3e2b87e5 bd674a28 3e0595ee bd886c40 3e24edcf bdcaeb8a 3e1880b1 be0d4881 3dfe3090 be24d6cf 3ded404a be17e59a 3dcb5fbc bdb9fab5 3d9cbcc3 3bd15da7 3d7e1420 3e0017a8 3d3a5306 3e7639f2 3c98ab58 3ea8c00c 3c4b434c 3ec220ff 3bca5fd1 3ec73d0f 3ced23da 3ebe269c 3d3a8be4 3eaffb27 3d18399a 3ea4c9c3 3d539f01 3ea00f3c 3d9cbcc3 3e9f3007 3dcb5fbc 3e9a8f7b 3de4abb6 3e88dd5a 3e09a758 3e46a5c9 3e186442 3da4dc09 3e383c18 bd75ee9a 3e4d6871 be4f7145 3e690436 bea26fd0 3e3a613e bec1c56f 3e3e72a9 bebeb938 3e1cae8c be9a3fd3 3e09a758 be38ca26 3ded23da bd0949c7 3dd7ccd9 3dee6444 3db1a204 3e8197d4 3d536621 3ebd80d9 3cfddb41 3eefe45a bc280d87 3f0d1efe 3c98399a 3f1dc86e 3cba1a27 3f2728bf 3d2962bf 3f24724b 3d7e1420 3f107867 3d98560a 3ed083e0 3df5b86d 3e362c0c 3e2534e6 bdbf34a6 3e51b2bb beb5d8c5 3e66d0da bf0bce2c 3e79e646 bf1c93a0 3e53d7e0 bf058f78 3e4d6872 be91363f 3e2b961d 3d63f548 3e2fa785 3ed65f9e 3e1419f9 3f37a542 3dba5306 3f608bba 3d987279 3f5be24f 3db1dae4 3f2be0ca 3dfa02b5 3ebd2c2a 3e0de36a 3d1fd769 3e2fc3f5 be696036 3e2b6b77 beb839e1 3e491e28 bea7107f 3e5a0e6c be157c0f 3e47073c 3df6b801 3e3e80e1 3ec7ab77 3e165b8d 3f154052 3df1a702 3f25c5d4 3e31f752 3f12dd3d 3e273d9b 3ec9fcd1 3e31dae4 3e319447 3e47073c bc8f0efc 3e53bb6f bdf70894 3e64abb6 bde27261 3e6b0ced a7a2fb0d 3e493a99 3e2ac699 3e3c782b 3ea91df8 3e2fd22d 3edf7d5d 3e3e6471 3ee87c3e 3e53bb6f 3ec4438a 3e4f7f5e 3e81f7fe 3e57f780 3de63a2c 3e5c3394 3bc2099b 3e5e4a7f bd0e37a1 3e57e949 bb867e27 3e342aaf 3d9ed9f6 3e4f467e 3e317253 3e3a6f76 3e7949e4 3e491e28 3e85224b 3e31f753 3e5d13b9 3e3e72a9 3e011969 3e275a0b 3cac1922 3e3a3698 bd85d77b 3e2dbb40 bddd6cd6 3e297f30 bdccf9ef 3e231df8 bd5b2c5c 3e230fc1 3bae68a7 3e121f7b 3d3de6b3 3ded404a 3d4067df 3de07ddc b92e1723 3dd7e949 bdae7993 3dc6f904 be3e19aa 3dd7b069 be8d13ca 3d8fdde6 beabb664 3d07bb12 beb7ed3b 3d0fdde6 beb68014 00000000 beb1d8ef bc4c26c8 beb5ba61 bd5c3394 beca88c3 bd8370c8 bef1f37e bdfe1420 bf131dc4 be1aa5d6 bf2e2786 be42d961 bf43ef07 be68f5ff bf4fe8b2 be89a03c bf50b801 be976e1e bf488474 beac9a78 bf3bf839 bec4f04e bf3053c3 bedd4626 bf295a5e bef9d80e bf27e7ee bf04de6f bf29bbf9 bf0b3c17 bf2a8c19 bf15ceb5 bf25efb0 bf1b19cc bf19616f bf238e60 bf05895d bf2962bf bedc90a9 bf2afb0d beb2f06d bf2e2819 be99a868 bf2eadd5 be97a288 bf2d9ed1 beac6d2d bf25ac6b becffce6 bf24a480 bef5176b bf1b163e bf06bf66 bf1a0ac6 bf072667 bf129e1b bef2e2a1 bf14bfb1 bebd675b bf121bed be69977b bf0f749b bd852d1f bf04d753 3ddc0128 bf05ed74 3e91eb3b befd018d 3ef08581 bef6ae90 3f2a10d8 beea0892 3f5d2ebc bed5e7b1 3f868366 beada5ed 3f98b2eb be77a4b1 3fa00000 be250a3f 3f97ba8a bd7d6983 3f7aed21 3cdd4fee 3f2504be 3dcb5fbc 3e6341c1 3e55eecd be5ee5d8 3eaa8389 bf17c9ca 3ecf8d96 bf552dc6 3ef39348 bf65914f 3f0023bf bf49d903 3eee4bbf bf0e5caf 3ee3a03f be8f73d0 3ece73e9 bd50cb76 3eb3f8eb 3d6c37f5 3e9976d3 3c25f302 3e800e6b be38caaf 3e5c1723 bee9a30d 3e3a285f bf3b93fe 3e24df97 bf6c7d9d 3de00c1f bf77e6b8 3d071076 bf5913b9 bc2b9b74 bf175ce2 bda99b9f be873746 be232c30 3d53c722 be75b86d 3e91226d be9baa32 3ec71fbb beb2f490 3ebbcdcb bebd8abe 3e82168f beab80c8 3de36d6d beac935b 27978f88 bea41b38 bd115f14 be997def 3c84f891 be943668 3e08542b be833f05 3e89cb91 be6afeb5 3ebe1bfc be68e7c9 3ecc06a3 be42bcf1 3eab6e2b be2fc3f5 3e46afe4 bdf9c9d5 3c5a7852 bdad909b be240d59 bd2929e1 be926381 bc6cb21b beaf57b6 3bcc26c8 beaaa98c 3cfebebd be90fda5 3d7ebebd be68a4f1 3d31f752 be49eb54 3d299b9f be571a13 3ca9d47d be864914 3bcdedbe beaa1a59 3c078233 bec74672 bc4b434c becf8829 bcba8be4 bebb6bc2 bd8765c4 be8cf8de bda962bf be1d9987 bde4abb6 bd00f404 be09b58f 3d82f0ae be31dae4 3decd476 be40b43d 3dfc3bee be492c60 3dceca08 be230fc1 3d92c8fa be20f8d5 3d674a28 be1880b1 3d886c40 be1aa5d6 3dcaeb8a be0bcc7c 3e0d4881 bdf9e646 3e24d6cf be013d6c 3e17e59a be0587b6 3db9fab5 bdc2e799 bbd15da7 bcfcf7c5 be0017a8 bc6aeb25 be7639f2 bc871076 bea8c00c bc28f103 bec220ff 3b09492a bec73d0f bd423cfb bebe269c bc89492a beaffb27 bd4275db bea4c9c3 bd1016c6 bea00f3c bd432079 be9f3007 bd6d9597 be9a8f7b bded076a be88dd5a bde4e496 be46a5c9 be1cbcc3 bda4dc09 be4d5a39 3d75ee9a be471574 3e4f7145 be66c2a2 3ea26fd0 be382de3 3ec1c56f be2962bf 3ebeb938 be31e91b 3e9a3fd3 be1a979e 3e38ca26 bdfdf7b1 3d0949c7 bdc2cb29 bdee6444 bd8765c3 be8197d4 bd4b434c bebd80d9 bd078233 beefe45a bc6cb21b bf0d1efe bd0fdde6 bf1dc86e bd2929e1 bf2728bf bd3a5306 bf24724b bd4b7c2c bf107867 bdc2cb29 bed083e0 be012f35 be362c0c be3a44ce 3dbf34a6 be471574 3eb5d8c5 be66df13 3f0bce2c be823aab 3f1c93a0 be64abb6 3f058f78 be4d6871 3e91363f be383c18 bd63f548 be1ed3b1 bed65f9e bded23da bf37a542 bdba5306 bf608bba bd9ca054 bf5be24f bdc2aeba bf2be0ca bdf57f8d bebd2c2a be121143 bd1fd769 be230fc1 3e696036 be384a50 3eb839e1 be66c2a2 3ea7107f be42d961 3e157c0f be36252e bdf6b801 be2b961c bec7ab77 be31f752 bf154052 be1ee1e8 bf25c5d4 be0ffa56 bf12dd3d be1ed3b1 bec9fcd1 be31dae4 be319447 be3a5306 3c8f0efc be5c3394 3df70894 be606fa4 3de27261 be606fa4 a673c5c1 be5a1ca4 be2ac699 be3e80e1 bea91df8 be382de3 bedf7d5d be3e8f19 bee87c3e be5c255a bec4438a be492c60 be81f7fe be5a0e6c bde63a2c be5c3394 bbc2099b be628690 3d0e37a1 be53f44f 3b867e27 be3a44ce bd9ed9f6 be451af5 be317253 be33e398 be7949e4 be3eab86 be85224b be2d909b be5d13b9 be40a605 be011969 be33f1d0 bcac1922 be3616f4 3d85d77b be1c921c 3ddd6cd6 be342aaf 3dccf9ef be163f1e 3d5b2c5c be1a8967 bbae68a7 be099920 bd3de6b3 bdcf3846 bd4067df bdcf7125 392e1723 bda94651 3dae7993 bdd3d7df 3e3e19aa bdc2e799 3e8d13ca bdb213c3 3eabb664 bd75b86d 3eb7ed3b bd650104 3eb68014 bbca5fd1 3eb1d8ef 3cba8be4 3eb5ba61 3d42e799 3eca88c3 3d987279 3ef1f37e 3de9126f 3f131dc4 3e1880b1 3f2e2786 3e44fe86 3f43ef07 3e6b0ced 3f4fe8b2 3e911b20 3f50b801 3e9a979e 3f488474 3eb0d688 3f3bf839 3ec1bfb3 3f3053c3 3ede5fd4 3f295a5e 3ef27999 3f27e7ee 3f023aab 3f29bbf9 3f078233 3f2a8c19 3f13b43b 3f25efb0 3f1650e3 3f19616f 3f26c618 3f05895d 3f2e32c5 3edc90a9 3f2b8458 3eb2f06d 3f2da260 3e99a868 3f2eadd5 3e97a288 3f30cf6e 3eac6d2d 3f23957c 3ecffce6 3f249649 3ef5176b 3f1ba315 3f06bf66 3f1a0739 3f072667 3f16da2b 3ef2e2a1 3f118f16 3ebd675b 3f108011 3e69977b 3f0dd8bf 3d852d1f 3f080b7c bddc0128 3f05e9e6 be91eb3b 3f01aa45 bef08581 3ef6a058 bf2a10d8 3ee7c6fd bf5d2ebc 3ebb6599 bf868366 3eaa671b bf98b2eb 3e866885 bfa00000 3e2d9099 bf97ba8a 3d985609 bf7aed21 bcfe4cfd bf2504be bde4e496 be6341c1 be690437 3e5ee5d8 bea31df8 3f17c9ca becc6416 3f552dc6 beee44a5 3f65914f befbfd33 3f49d903 beef41e2 3f0e5caf beee44a5 3e8f73d0 bed5e094 3d50cb76 beb616f4 bd6c37f5 be964639 bc25f302 be757f8d 3e38caaf be42aeba 3ee9a30d be1a6cf7 3f3b93fe bdf5631d 3f6c7d9d bda90d71 3f77e6b8 bd28f103 3f5913b9 3c998ed3 3f175ce2 3da56dc5 3e873746 3e1ab40e bd53c722 3e690436 be91226d 3e900173 bec71fbb 3ea970f8 bebbcdcb 3eb6252e be82168f 3eb71434 bde36d6d 3eb1e91b a5d4b77b 3ea534e5 3d115f14 3e998c29 bc84f891 3e900172 be08542b 3e75b86d be89cb91 3e715fea bebe1bfc 3e4f7f5e becc06a3 3e4097cd beab6e2b 3e2b6b75 be46afe4 3e097cb0 bc5a7852 3d8fdde6 3e240d59 3d6c793d 3e926381 3b85bb3c 3eaf57b6 bd3a1a27 3eaaa98c bd8fc177 3e90fda5 bd108883 3e68a4f1 bccbb50a 3e49eb54 bc6d9597 3e571a13 bccbb50a 3e864914 bc87f3f0 3eaa1a59 bb09492a 3ec74672 3c6cb21b 3ecf8829 3d21070c 3ebb6bc2 3d6d23da 3e8cf8de 3db1f752 3e1d9987 3de9126f 3d00f404 3e0de36a bd82f0ae 3e2970f8 bdecd476 3e31dae4 bdfc3bee 3e3e8f19 bdceca08 3e1ef01e bd92c8fa 3e33f1d0 bd674a28 3e123beb bd886c40 3e2526ae bdcaeb8a 3e164d55 be0d4881 3e012f35 be24d6cf 3de07ddc be17e59a 3dcb434c bdb9fab5 3da0ea9d 3bd15da7 3d8bb00c 3e0017a8 3d3a5306 3e7639f2 3ced23da 3ea8c00c 3ca8f102 3ec220ff 3b05bb3c 3ec73d0f 3ccad190 3ebe269c 3d31f752 3eaffb27 3d074954 3ea4c9c3 3d539f01 3ea00f3c 3d6ceafa 3e9f3007 3da0ce2d 3e9a8f7b 3e09c3c7 3e88dd5a 3e10088e 3e46a5c9 3e1cae8c 3da4dc09 3e22f351 bd75ee9a 3e42cb29 be4f7145 3e47073c bea26fd0 3e2ba453 bec1c56f 3e31e91b bebeb938 3e2b87e5 be9a3fd3 3e1cae8c be38ca26 3e078233 bd0949c7 3dcb434c 3dee6444 3d987279 3e8197d4 3d8765c4 3ebd80d9 3d074954 3eefe45a 3c6cb21b 3f0d1efe 3c98399a 3f1dc86e 3ced23da 3f2728bf 3d2962bf 3f24724b 3d6d23da 3f107867 3da962bf 3ed083e0 3df16e24 3e362c0c 3e1ed3b1 bdbf34a6 3e4b5185 beb5d8c5 3e64b9ec bf0bce2c 3e77c122 bf1c93a0 3e608c14 bf058f78 3e4b5fbc be91363f 3e3c782b 3d63f548 3e0df1a1 3ed65f9e 3df9c9d8 3f37a542 3db1dae4 3f608bba 3da51878 3f5be24f 3dcb26dd 3f2be0ca 3e09b590 3ebd2c2a 3e187279 3d1fd769 3e3616f4 be696036 3e33e398 beb839e1 3e3e72a9 bea7107f 3e46eacd be157c0f 3e3c782b 3df6b801 3e3a5306 3ec7ab77 3e20ea9d 3f154052 3e121f7b 3f25c5d4 3e1ca054 3f12dd3d 3e18560a 3ec9fcd1 3e383c18 3e319447 3e51b2bb bc8f0efc 3e5c41ca bdf70894 3e6294c8 bde27261 3e6f5737 a7a2fb0d 3e450cbe 3e2ac699 3e4d3dc9 3ea91df8 3e3e9d4f 3edf7d5d 3e340e40 3ee87c3e 3e4f8d96 3ec4438a 3e5c41ca 3e81f7fe 3e5a0e6f 3de63a2c 3e55d25c 3bc2099b 3e57f780 bd0e37a1 3e7e3090 bb867e27 3e3c949a 3d9ed9f6 3e4afc35 3e317253 3e383c1a 3e7949e4 3e340008 3e85224b 3e2fb5bd 3e5d13b9 3e3c782b 3e011969 3e25431e 3cac1922 3e33d560 bd85d77b 3e231df8 bddd6cd6 3e2534e5 bdccf9ef 3e1cbcc3 bd5b2c5c 3e165b8d 3bae68a7 3e0bbe44 3d3de6b3 3ded404a 3d4067df 3dcb5fbc b92e1723 3dcb434c bdae7993 3db1dae4 be3e19aa 3db1be73 be8d13ca 3d432079 beabb664 3d5c3394 beb7ed3b 3cba8be4 beb68014 3bca5fd1 beb1d8ef bd18399a beb5ba61 bd5c3394 beca88c3 bd94610f bef1f37e bdd82228 bf131dc4 be1669c5 bf2e2786 be3c8663 bf43ef07 be5e66ef bf4fe8b2 be834d3d bf50b801 be911b1f bf488474 bea534e5 bf3bf839 bec602e0 bf3053c3 bed6f327 bf295a5e bef8cc98 bf27e7ee bf045527 bf29bbf9 bf0b388a bf2a8c19 bf13b0ad bf25efb0 bf1b19cc bf19616f bf21f9a1 bf05895d bf28d977 bedc90a9 bf2b80c8 beb2f06d bf2e2819 be99a868 bf2e2819 be97a288 bf2e2819 beac6d2d bf2417aa becffce6 bf26405c bef5176b bf1cae8c bf06bf66 bf175fe7 bf072667 bf18ff51 bef2e2a1 bf13b0ad bebd675b bf11095b be69977b bf0d5304 bd852d1f bf03c4c0 3ddc0128 bf04dae1 3e91eb3b befae385 3ef08581 bef9df2a 3f2a10d8 bee6d7f7 3f5d2ebc bed6fa43 3f868366 beaa7553 3f98b2eb be85642b 3fa00000 be1ea908 3f97ba8a bd82ff0b 3f7aed21 3cee0755 3f2504be 3e0be8ec 3e6341c1 3e690436 be5ee5d8 3ea752ef bf17c9ca 3ed0a028 bf552dc6 3eeb140a bf65914f 3efd16e0 bf49d903 3eec269a bf0e5caf 3edf6b4a be8f73d0 3ec70e56 bd50cb76 3eafbcdb 3d6c37f5 3e964d55 3c25f302 3e7bd28c be38caaf 3e5390c9 bee9a30d 3e2d8261 bf3b93fe 3e0daa8a bf6c7d9d 3de00c1f bf77e6b8 3ca8f102 bf5913b9 bced9597 bf175ce2 bd98c7c9 be873746 be1cd932 3d53c722 be717c5a 3e91226d be998c29 3ec71fbb beafcb11 3ebbcdcb bebc782b 3e82168f bea962bf 3de36d6d beaa7c6f 27978f88 bea1fd30 bd115f14 be99850b 3c84f891 be8eeee0 3e08542b be79c9d5 3e89cb91 be7376d8 3ebe1bfc be66d0da 3ecc06a3 be53c9a9 3eab6e2b be0ba1d6 3e46afe4 bddbfab4 3c5a7852 bd98560a be240d59 bcdb173a be926381 bb83f445 beaf57b6 3ccc26c8 beaaa98c 3d213fea be90fda5 3d074954 be68a4f1 3cdc6c72 be49eb54 3cfe4cfd be571a13 3c6d9597 be864914 3b09492a beaa1a59 bc28f102 bec74672 bc0865ae becf8829 bcdc6c72 bebb6bc2 bd53d7e0 be8cf8de bda534e5 be1d9987 bdcfaa06 bd00f404 be273d9b 3d82f0ae be31e91b 3decd476 be3e9d4f 3dfc3bee be4d6872 3dceca08 be2962bf 3d92c8fa be2534e6 3d674a28 be164d55 3d886c40 be143668 3dcaeb8a be14449f 3e0d4881 be0bcc7c 3e24d6cf be05797e 3e17e59a bded4047 3db9fab5 bda962bf bbd15da7 bd1800bd be0017a8 bcfddb40 be7639f2 bb83f445 bea8c00c bc28f103 bec220ff bb878233 bec73d0f bd1800bd bebe269c bd0fdde6 beaffb27 bd20ce2d bea4c9c3 bd1016c6 bea00f3c bd64c826 be9f3007 bd439236 be9a8f7b bded23da be88dd5a bdfa1f25 be46a5c9 be2962bf bda4dc09 be4f7126 3d75ee9a be3c8663 3e4f7145 be57f780 3ea26fd0 be2b6b77 3ec1c56f be273d9b 3ebeb938 be3eab86 3e9a3fd3 be1a979e 3e38ca26 be056b47 3d0949c7 bdd3bb6f bdee6444 bd9ca054 be8197d4 bd6d23da bebd80d9 bcdbfab4 beefe45a bc98399a bf0d1efe bcba1a27 bf1dc86e bd074954 bf2728bf bcdc6c72 bf24724b bd3a8be4 bf107867 bde8bd22 bed083e0 be078233 be362c0c be3616f4 3dbf34a6 be4d6872 3eb5d8c5 be62a302 3f0bce2c be79e646 3f1c93a0 be5c3394 3f058f78 be55e094 3e91363f be42d961 bd63f548 be1a979e bed65f9e bded23da bf37a542 bdb608be bf608bba bd8fdde6 bf5be24f bdb608be bf2be0ca bde0616e bebd2c2a be099920 bd1fd769 be20f8d4 3e696036 be4b434c 3eb839e1 be51b2b9 3ea7107f be53d7df 3e157c0f be4f9bcd bdf6b801 be20dc65 bec7ab77 be164d55 bf154052 be231dfa bf25c5d4 be1669c5 bf12dd3d be2b79ac bec9fcd1 be231df8 be319447 be57e949 3c8f0efc be5a0e6c 3df70894 be68e7c9 3de27261 be4b3515 a673c5c1 be5627ac be2ac699 be53c9a9 bea91df8 be47073c bedf7d5d be33f1d0 bee87c3e be518814 bec4438a be491e28 be81f7fe be5c1723 bde63a2c be649d7e bbc2099b be66c2a2 3d0e37a1 be560b3c 3b867e27 be3e80e1 bd9ed9f6 be3e8f19 be317253 be3a5306 be7949e4 be33f1d0 be85224b be31dae4 be5d13b9 be3c782b be011969 be40b43d bcac1922 be1a7b2f 3d85d77b be385888 3ddd6cd6 be20ce2d 3dccf9ef be2526ae 3d5b2c5c be1a979e bbae68a7 be0bbe44 bd3de6b3 bdcb0a6e bd4067df bddc3394 392e1723 bdb608be 3dae7993 bdc71574 3e3e19aa bdadad09 3e8d13ca bdba8be4 3eabb664 bd879ea3 3eb7ed3b bd5ca552 3eb68014 bb878233 3eb1d8ef 3d104fa5 3eb5ba61 3d7e85dd 3eca88c3 3d9cbcc3 3ef1f37e 3dfa02b5 3f131dc4 3e297f2f 3f2e2786 3e3e8f19 3f43ef07 3e64b9ec 3f4fe8b2 3e911b20 3f50b801 3e9dc839 3f488474 3eafc3f5 3f3bf839 3ec0ad21 3f3053c3 3ed7fe9c 3f295a5e 3ef05b91 3f27e7ee 3f02c3f4 3f29bbf9 3f09a3ca 3f2a8c19 3f0f749b 3f25efb0 3f129a8d 3f19616f 3f25b713 3f05895d 3f2c112d 3edc90a9 3f2d1ca4 3eb2f06d 3f2d1917 3e99a868 3f2eadd5 3e97a288 3f2eadd5 3eac6d2d 3f23957c 3ecffce6 3f240d00 3ef5176b 3f1c28d1 3f06bf66 3f1b19cc 3f072667 3f176375 3ef2e2a1 3f132764 3ebd675b 3f13ad1f 3e69977b 3f0e6209 3d852d1f 3f09a03c bddc0128 3f03cf6b be91eb3b 3f02b94a bef08581 3ef376d8 bf2a10d8 3ee9e506 bf5d2ebc 3ec9170c bf868366 3eaa671b bf98b2eb 3e866169 bfa00000 3e273d9b bf97ba8a 3d942830 bf7aed21 bd0fdde6 bf2504be be012f35 be6341c1 be716e24 3e5ee5d8 bea534e5 3f17c9ca bed2b714 3f552dc6 beee3d87 3f65914f bef9e646 3f49d903 bef497a2 3f0e5caf beec269d 3e8f73d0 bed4d51f 3d50cb76 beaa671b bd6c37f5 be953ac2 bc25f302 be7e05e8 3e38caaf be42aeba 3ee9a30d be1c921c 3f3b93fe bdf118d5 3f6c7d9d bda90d71 3f77e6b8 bd205c70 3f5913b9 3caa463b 3f175ce2 3dade5e8 3e873746 3e1ef020 bd53c722 3e66df12 be91226d 3e922697 bec71fbb 3e9fdf28 bebbcdcb 3eb1e200 be82168f 3ec3ebf3 bde36d6d 3eb40008 a5d4b77b 3ea63941 3d115f14 3e9a9081 bc84f891 3e8ddc4e be08542b 3e6b295d be89cb91 3e68e7c9 bebe1bfc 3e4b434c becc06a3 3e44d3de beab6e2b 3e2b6b75 be46afe4 3e0fcfb0 bc5a7852 3d940bc1 3e240d59 3d6c793d 3e926381 3c05bb3c 3eaf57b6 bc09492a 3eaaa98c bcee0755 3e90fda5 bd5c6c72 3e68a4f1 bced23da 3e49eb54 bccad190 3e571a13 bcfe4d00 3e864914 bccb434c 3eaa1a59 bc078233 3ec74672 3bcc26c8 3ecf8829 3d07bb12 3ebb6bc2 3d5c6c72 3e8cf8de 3da1070c 3e1d9987 3dd3d7df 3d00f404 3e035459 bd82f0ae 3e2970f8 bdecd476 3e31dae4 bdfc3bee 3e3e8f19 bdceca08 3e1ef01e bd92c8fa 3e33f1d0 bd674a28 3e1677fd bd886c40 3e165b8d bdcaeb8a 3e187279 be0d4881 3e012f35 be24d6cf 3de4abb6 be17e59a 3dd3bb6f bdb9fab5 3db608be 3bd15da7 3d878233 3e0017a8 3d20ce2d 3e7639f2 3d0fa508 3ea8c00c 3bca5fd1 3ec220ff 3b05bb3c 3ec73d0f 3d07bb12 3ebe269c 3d187279 3eaffb27 3cdb88f7 3ea4c9c3 3d2929e1 3ea00f3c 3d6ceafa 3e9f3007 3d98560a 3e9a8f7b 3e079ea3 3e88dd5a 3e0de36a 3e46a5c9 3e1cae8c 3da4dc09 3e2b79ad bd75ee9a 3e492c60 be4f7145 3e3c69f3 bea26fd0 3e5e66ef bec1c56f 3e3c8663 bebeb938 3e2b87e5 be9a3fd3 3e1cae8c be38ca26 3e099920 bd0949c7 3dd7e949 3dee6444 3d8ffa56 3e8197d4 3d648f47 3ebd80d9 3d20ce2d 3eefe45a 3c98399a 3f0d1efe 3c28f103 3f1dc86e 3cba8be4 3f2728bf 3d187279 3f24724b 3d64c826 3f107867 3da97f2f 3ed083e0 3dfa02b5 3e362c0c 3e1a979e bdbf34a6 3e51b2bb beb5d8c5 3e68f5ff bf0bce2c 3e77c122 bf1c93a0 3e5a2add bf058f78 3e4d6872 be91363f 3e275a0b 3d63f548 3e187279 3ed65f9e 3e054ed7 3f37a542 3dcb26dd 3f608bba 3da51878 3f5be24f 3db608be 3f2be0ca 3e05797e 3ebd2c2a 3e165b8d 3d1fd769 3e36252e be696036 3e31ccab beb839e1 3e42bcf1 bea7107f 3e3a3697 be157c0f 3e36252c 3df6b801 3e46f904 3ec7ab77 3e295488 3f154052 3e295488 3f25c5d4 3e07906b 3f12dd3d 3e142831 3ec9fcd1 3e2d9ed1 3e319447 3e4d6871 bc8f0efc 3e57f780 bdf70894 3e606fa4 bde27261 3e716e24 a7a2fb0d 3e450cbe 3e2ac699 3e4b26dd 3ea91df8 3e3c8663 3edf7d5d 3e3c4d85 3ee87c3e 3e51a484 3ec4438a 3e55eecd 3e81f7fe 3e5805b9 3de63a2c 3e62a302 3bc2099b 3e53bb6f bd0e37a1 3e62a302 bb867e27 3e3eb9be 3d9ed9f6 3e490ff1 3e317253 3e3c8663 3e7949e4 3e3c782b 3e85224b 3e2fd22d 3e5d13b9 3e3a3698 3e011969 3e2970f8 3cac1922 3e3a3698 bd85d77b 3e275a0b bddd6cd6 3e274bd3 bdccf9ef 3e230fc1 bd5b2c5c 3e1a979f 3bae68a7 3e056b46 3d3de6b3 3de4c826 3d4067df 3dcf8d95 b92e1723 3dc6f904 bdae7993 3dbe80e1 be3e19aa 3dba3698 be8d13ca 3d323030 beabb664 3d539f01 beb7ed3b 3d18399a beb68014 3cdb88f7 beb1d8ef bb8b1021 beb5ba61 bd8337ea beca88c3 bda534e5 bef1f37e bdf16e24 bf131dc4 be1669c5 bf2e2786 be42d961 bf43ef07 be6294ca bf4fe8b2 be8676bc bf50b801 be955016 bf488474 beac9a78 bf3bf839 bec1c6cf bf3053c3 bee8e0ad bf295a5e bef9d80e bf27e7ee bf012ba7 bf29bbf9 bf0b388a bf2a8c19 bf13b0ad bf25efb0 bf1a9081 bf19616f bf2308a5 bf05895d bf2853bc bedc90a9 bf2c0a13 beb2f06d bf2e2819 be99a868 bf2da25d be97a288 bf2e2819 beac6d2d bf2417aa becffce6 bf241ec5 bef5176b bf1fe2b4 bf06bf66 bf17ecbe bf072667 bf187995 bef2e2a1 bf12185f bebd675b bf0ffa56 be69977b bf0ddc4e bd852d1f bf044e09 3ddc0128 bf02338f 3e91eb3b befae385 3ef08581 bef6ae90 3f2a10d8 bee294c8 3f5d2ebc bec819ce 3f868366 bea3018a 3f98b2eb be7e05e8 3fa00000 be31ccab 3f97ba8a bd7d6983 3f7aed21 3b09492a 3f2504be 3dc2cb29 3e6341c1 3e51b2bb be5ee5d8 3eadb425 bf17c9ca 3ecd6f8c bf552dc6 3eee44a5 bf65914f 3eff34eb bf49d903 3eeb1b25 bf0e5caf 3edd4d42 be8f73d0 3ecc55de bd50cb76 3eb1d3c8 3d6c37f5 3e986b5d 3c25f302 3e8119e1 be38caaf 3e4d4c01 bee9a30d 3e3c3f4b bf3b93fe 3e20b1bd bf6c7d9d 3dd36621 bf77e6b8 3d074954 bf5913b9 bced9597 bf175ce2 bdb6419b be873746 be188ee9 3d53c722 be739348 3e91226d be998c29 3ec71fbb beb0d688 3ebbcdcb beba613e 3e82168f bea969dc 3de36d6d bea85e65 27978f88 bea1fd30 bd115f14 be9a9081 3c84f891 be910ce9 3e08542b be77a4b1 3e89cb91 be6d23da 3ebe1bfc be5a0e6f 3ecc06a3 be44f04e 3eab6e2b be0ba1d6 3e46afe4 bddbfab4 3c5a7852 bdb608be be240d59 bd20954e be926381 bcba1a27 beaf57b6 3c2ab7f8 beaaa98c 3d3ac4c3 be90fda5 3cec405d be68a4f1 3cdc6c72 be49eb54 3ccbb50c be571a13 3c98ab58 be864914 3bcc26c8 beaa1a59 bb878233 bec74672 bca8f102 becf8829 bc991d16 bebb6bc2 bd942830 be8cf8de bdb608be be1d9987 be055d0f bd00f404 be187279 3d82f0ae be2dad0b 3decd476 be3c782b 3dfc3bee be492c60 3dceca08 be1cae8c 3d92c8fa be1a979e 3d674a28 be1880b1 3d886c40 be165b8d 3dcaeb8a be14449f 3e0d4881 be012f35 3e24d6cf bded4047 3e17e59a bdcfaa05 3db9fab5 bdc74e54 bbd15da7 bd6d23da be0017a8 bc97c7dd be7639f2 bbc898da bea8c00c 38637b5c bec220ff bbcdedbe bec73d0f bd1800bd bebe269c bca962bf beaffb27 bd18399a bea4c9c3 bced9597 bea00f3c bd432079 be9f3007 bd7e85dd be9a8f7b bde07ddc be88dd5a bded5cb9 be46a5c9 be2b79ac bda4dc09 be42cb29 3d75ee9a be44f04e 3e4f7145 be66b46a 3ea26fd0 be3608be 3ec1c56f be251876 3ebeb938 be2fd22d 3e9a3fd3 be187279 3e38ca26 bdf9c9d5 3d0949c7 bdc6f904 bdee6444 bd9ca054 be8197d4 bd536621 bebd80d9 bd078233 beefe45a bcba1a27 bf0d1efe bcdcde2f bf1dc86e bd187279 bf2728bf bd07bb12 bf24724b bd64c826 bf107867 bd9cd932 bed083e0 be078233 be362c0c be33f1d0 3dbf34a6 be4d76a9 3eb5d8c5 be68f5ff 3f0bce2c be812818 3f1c93a0 be5c255a 3f058f78 be4d5a3a 3e91363f be3e8f19 bd63f548 be1cae8c bed65f9e bdf59bfd bf37a542 bdb608be bf608bba bd9ca054 bf5be24f bdc2cb29 bf2be0ca bded23da bebd2c2a be1a8966 bd1fd769 be2b87e5 3e696036 be44f04e 3eb839e1 be6afeb5 3ea7107f be4d76a9 3e157c0f be2d9ed1 bdf6b801 be3eab86 bec7ab77 be341c77 bf154052 be1aa5d6 bf25c5d4 be1ec578 bf12dd3d be079ea2 bec9fcd1 be2fb5bd be319447 be40a605 3c8f0efc be55d25c 3df70894 be628690 3de27261 be55fd04 a673c5c1 be46f904 be2ac699 be51b2bb bea91df8 be3e8f19 bedf7d5d be2d909b bee87c3e be55c425 bec4438a be55d25c be81f7fe be55d25c bde63a2c be628690 bbc2099b be64abb6 3d0e37a1 be53e617 3b867e27 be3c69f3 bd9ed9f6 be3e8f19 be317253 be3a5306 be7949e4 be42d961 be85224b be31dae4 be5d13b9 be42cb29 be011969 be31dae4 bcac1922 be383c18 3d85d77b be1eb740 3ddd6cd6 be12030b 3dccf9ef be2970f8 3d5b2c5c be1cae8c bbae68a7 be0de36a bd3de6b3 bdc6dc94 bd4067df bdd3bb6f 392e1723 bda94651 3dae7993 bdcb5fbc 3e3e19aa bdba6f76 3e8d13ca bda97f2f 3eabb664 bd6d23da 3eb7ed3b bd7ebebd 3eb68014 bb05bb3c 3eb1d8ef 3cdc6c72 3eb5ba61 3cdb88f7 3eca88c3 3dd3f44f 3ef1f37e 3df5b86d 3f131dc4 3e1ee1e8 3f2e2786 3e42d961 3f43ef07 3e6f5737 3f4fe8b2 3e889be2 3f50b801 3e998c27 3f488474 3eafc3f5 3f3bf839 3ec820e9 3f3053c3 3edc41ca 3f295a5e 3ef38c2c 3f27e7ee 3efd08ab 3f29bbf9 3f089137 3f2a8c19 3f121bed 3f25efb0 3f17ecbe 3f19616f 3f1dbd90 3f05895d 3f2c112d 3edc90a9 3f2eb4f3 3eb2f06d 3f2d1917 3e99a868 3f2e281b 3e97a288 3f2eadd5 3eac6d2d 3f252a3d 3ecffce6 3f2173e6 3ef5176b 3f1cae8c 3f06bf66 3f1a0739 3f072667 3f176375 3ef2e2a1 3f132764 3ebd675b 3f1214d1 3e69977b 3f0f710d 3d852d1f 3f089137 bddc0128 3f05e9e6 be91eb3b 3f02338f bef08581 3ef8be60 bf2a10d8 3ee7c6fd bf5d2ebc 3ecb3515 bf868366 3ea51f91 bf98b2eb 3e8337ea bfa00000 3e295488 bf97ba8a 3d985609 bf7aed21 bcdc6c72 bf2504be be0dd532 be6341c1 be6f5737 3e5ee5d8 bea0f8d4 3f17c9ca becb5185 3f552dc6 beec1f7f 3f65914f bef6bcc8 3f49d903 bef5aa35 3f0e5caf beed3212 3e8f73d0 becf867a 3d50cb76 beb1d3c6 bd6c37f5 be953ac2 bc25f302 be800e6b 3e38caaf be44c5a7 3ee9a30d be1c921c 3f3b93fe be0329b1 3f6c7d9d bda90d71 3f77e6b8 bd06d797 3f5913b9 3c998ed3 3f175ce2 3da9b80d 3e873746 3e1ccafa bd53c722 3e6d4047 be91226d 3e911b20 bec71fbb 3e9fdf28 bebbcdcb 3ebc8663 be82168f 3eb92b22 bde36d6d 3e9ddd8d a5d4b77b 3ea85749 3d115f14 3e9baa32 bc84f891 3e932af2 be08542b 3e75b86d be89cb91 3e6b0ced bebe1bfc 3e51a483 becc06a3 3e490ff0 beab6e2b 3e2f994f be46afe4 3e18399a bc5a7852 3da4fc07 3e240d59 3d532d43 3e926381 bb89492a 3eaf57b6 bd42aeba 3eaaa98c bd5c3394 3e90fda5 bd191d16 3e68a4f1 bd4bede9 3e49eb54 bc98ab58 3e571a13 bccbb50a 3e864914 bc078233 3eaa1a59 3bcc26c8 3ec74672 3c6cb21b 3ecf8829 3d18ab58 3ebb6bc2 3d539f01 3e8cf8de 3db1f752 3e1d9987 3de4c826 3d00f404 3e0bcc7c bd82f0ae 3e2b87e4 bdecd476 3e383c18 bdfc3bee 3e3c782b bdceca08 3e1cd932 bd92c8fa 3e31ccab bd674a28 3e1ccafa bd886c40 3e2526ae bdcaeb8a 3e1a979f be0d4881 3e056b46 be24d6cf 3de07ddc be17e59a 3dcb434c bdb9fab5 3d9cbcc3 3bd15da7 3d75b86d 3e0017a8 3d21070c 3e7639f2 3c98ab58 3ea8c00c 3c6cb21b 3ec220ff 3bcc26c8 3ec73d0f 3d187279 3ebe269c 3d078233 3eaffb27 3cfd6983 3ea4c9c3 3d2929e1 3ea00f3c 3d5bfab4 3e9f3007 3d940bc1 3e9a8f7b 3e079ea3 3e88dd5a 3e14449f 3e46a5c9 3e2970f8 3da4dc09 3e3e9d51 bd75ee9a 3e53c9a9 be4f7145 3e5e66ef bea26fd0 3e231df8 bec1c56f 3e31ccab bebeb938 3e273d9b be9a3fd3 3e142830 be38ca26 3df59bfd bd0949c7 3dd39f01 3dee6444 3dc6c025 3e8197d4 3d82ff0b 3ebd80d9 3d074954 3eefe45a bb05bb3c 3f0d1efe 3c28f103 3f1dc86e 3ced23da 3f2728bf 3d187279 3f24724b 3d64c826 3f107867 3da962bf 3ed083e0 3ded4047 3e362c0c 3e1a979e bdbf34a6 3e492c60 beb5d8c5 3e607ddc bf0bce2c 3e75aa35 bf1c93a0 3e62a302 bf058f78 3e68e7c9 be91363f 3e297f30 3d63f548 3e1880b1 3ed65f9e 3df16e24 3f37a542 3ddc1723 3f608bba 3da51878 3f5be24f 3dad909b 3f2be0ca 3e0bdab4 3ebd2c2a 3e187279 3d1fd769 3e340008 be696036 3e33f1d0 beb839e1 3e44d3de bea7107f 3e518814 be157c0f 3e340008 3df6b801 3e382de0 3ec7ab77 3e230fc1 3f154052 3dfa02b5 3f25c5d4 3e187279 3f12dd3d 3e1419f9 3ec9fcd1 3e3c782b 3e319447 3e4f8d96 bc8f0efc 3e57f780 bdf70894 3e6294c8 bde27261 3e739348 a7a2fb0d 3e4723ac 3e2ac699 3e40c275 3ea91df8 3e42cb29 3edf7d5d 3e3a5306 3ee87c3e 3e4b434c 3ec4438a 3e51964b 3e81f7fe 3e57f780 3de63a2c 3e5c3394 3bc2099b 3e64abb6 bd0e37a1 3e606fa4 bb867e27 3e298d67 3d9ed9f6 3e48c8d9 3e317253 3e40b43d 3e7949e4 3e3c782b 3e85224b 3e383c1a 3e5d13b9 3e3c4d85 3e011969 3e2b961d 3cac1922 3e381173 bd85d77b 3e25431e bddd6cd6 3e2970f8 bdccf9ef 3e1ee1e8 bd5b2c5c 3e1669c5 3bae68a7 3e14449f 3d3de6b3 3ddc6c72 3d4067df 3de07ddc b92e1723 3dd3bb6f bdae7993 3dc2cb29 be3e19aa 3dbe6472 be8d13ca 3d985609 beabb664 3d2962bf beb7ed3b 3d4275db beb68014 3c28f102 beb1d8ef bcecb21b beb5ba61 bd648f47 beca88c3 bdcf7126 bef1f37e bddc6c72 bf131dc4 be1880b1 bf2e2786 be42d961 bf43ef07 be6d23da bf4fe8b2 be8023bf bf50b801 be93320d bf488474 beaeb164 bf3bf839 bec3e4d9 bf3053c3 bee9ec25 bf295a5e bef8c57c bf27e7ee bf001ca2 bf29bbf9 bf0c478e bf2a8c19 bf1439f6 bf25efb0 bf1cae8c bf19616f bf20ee2a bf05895d bf24a482 bedc90a9 bf2c0a13 beb2f06d bf2d1917 be99a868 bf2f3720 be97a288 bf2c935b beac6d2d bf25aff7 becffce6 bf25b713 bef5176b bf1b19ca bf06bf66 bf176375 bf072667 bf187608 bef2e2a1 bf1439f6 bebd675b bf10839f be69977b bf0ccd49 bd852d1f bf044e09 3ddc0128 bf05e9e6 3e91eb3b befe0d03 3ef08581 bef9df2a 3f2a10d8 bee5be49 3f5d2ebc becc55de 3f868366 bea744b8 3f98b2eb be85642b 3fa00000 be2b6b77 3f97ba8a bd63e4aa 3f7aed21 3b89492a 3f2504be 3db6252e 3e6341c1 3e5c5002 be5ee5d8 3eb1f752 bf17c9ca 3ed3d0c4 bf552dc6 3ef287d1 bf65914f 3efc044f bf49d903 3eed392d bf0e5caf 3edf6b4a be8f73d0 3ed19d67 bd50cb76 3eb1dae4 3d6c37f5 3e986b5d 3c25f302 3e800e6b be38caaf 3e539f01 bee9a30d 3e33c728 bf3b93fe 3e11e69d bf6c7d9d 3df93ba9 bf77e6b8 3d0fa508 bf5913b9 bc8865ae bf175ce2 bdb6419b be873746 be21070c 3d53c722 be75b86d 3e91226d be9a9ebb 3ec71fbb beafcb11 3ebbcdcb bebd8abe 3e82168f beada5ed 3de36d6d bea969dc 27978f88 bea52dc9 bd115f14 be9dc11e 3c84f891 be943668 3e08542b be77a4b1 3e89cb91 be68cb5a 3ebe1bfc be628692 3ecc06a3 be3c5bbb 3eab6e2b be384a53 3e46afe4 bded23da 3c5a7852 bdad909b be240d59 bd2929e1 be926381 bc280d87 beaf57b6 3c4c26c8 beaaa98c 3d54499d be90fda5 3d20954e be68a4f1 3d18ab58 be49eb54 3d18ab58 be571a13 3caa463c be864914 3c6e7912 beaa1a59 38637b5c bec74672 bbcc26c8 becf8829 bc6e7912 bebb6bc2 bda4fc07 be8cf8de bd9cbcc3 be1d9987 bdfdf7b1 bd00f404 be121f7b 3d82f0ae be2534e5 3decd476 be42d961 3dfc3bee be4d6872 3dceca08 be2526ae 3d92c8fa be1ed3b1 3d674a28 be1880b1 3d886c40 be1880b1 3dcaeb8a be10088e 3e0d4881 be056b47 3e24d6cf bdfe3090 3e17e59a bdcf8d96 3db9fab5 bda962bf bbd15da7 bd5c3394 be0017a8 bcdb88f7 be7639f2 bc4a5fd1 bea8c00c bc6d9597 bec220ff bb878233 bec73d0f bcfddb41 bebe269c bcba8be4 beaffb27 bc09492a bea4c9c3 bd3a5306 bea00f3c bd082cd0 be9f3007 bda534e5 be9a8f7b bdf57f8d be88dd5a be187279 be46a5c9 be2534e5 bda4dc09 be384a50 3d75ee9a be492c60 3e4f7145 be44fe86 3ea26fd0 be55e094 3ec1c56f be3608be 3ebeb938 be2d9ed1 3e9a3fd3 be20ea9d 3e38ca26 be0120fd 3d0949c7 bdc2aeba bdee6444 bd940bc1 be8197d4 bd4275db bebd80d9 bcecb21b beefe45a bc6bce9f bf0d1efe bcbb6f61 bf1dc86e bd0fdde6 bf2728bf bd3a1a27 bf24724b bd3a8be4 bf107867 bdbe80e1 bed083e0 bdf9c9d8 be362c0c be382de0 3dbf34a6 be493a99 3eb5d8c5 be68f5ff 3f0bce2c be801ca2 3f1c93a0 be5c255a 3f058f78 be53c9a9 3e91363f be383c18 bd63f548 be1ed3b1 bed65f9e bdf59bfd bf37a542 bdb608be bf608bba bda0ea9d bf5be24f bde0616e bf2be0ca be0765c4 bebd2c2a be1eb740 bd1fd769 be2d9ed1 3e696036 be2dbb40 3eb839e1 be493a99 3ea7107f be383c18 3e157c0f be3c8663 bdf6b801 be1ec578 bec7ab77 be143668 bf154052 be1880b1 bf25c5d4 be2534e5 bf12dd3d be3c69f3 bec9fcd1 be4d4c01 be319447 be53ad39 3c8f0efc be53c9a7 3df70894 be53d7e0 3de27261 be6d23da a673c5c1 be44f04e be2ac699 be4f9bcd bea91df8 be2d9ed1 bedf7d5d be31f753 bee87c3e be4f7f5e bec4438a be44f04e be81f7fe be492c60 bde63a2c be5c3394 bbc2099b be64abb6 3d0e37a1 be5e58b7 3b867e27 be42bcf1 bd9ed9f6 be3a5306 be317253 be3a5306 be7949e4 be2fb5c0 be85224b be3eb9bf be5d13b9 be2fb5c0 be011969 be4d5a39 bcac1922 be3a5306 3d85d77b be23018a 3ddd6cd6 be0fec1f 3dccf9ef be097cb0 3d5b2c5c be1a979e bbae68a7 be165b8d bd3de6b3 bdd7ccd9 bd4067df bdd7e949 392e1723 bdba3697 3dae7993 bdd3d7df 3e3e19aa bdc2e799 3e8d13ca bdc74e54 3eabb664 bd18399a 3eb7ed3b bd6d9597 3eb68014 bc878233 3eb1d8ef 3d29d47d 3eb5ba61 3cdb88f7 3eca88c3 3d7546ae 3ef1f37e 3ddc3394 3f131dc4 3e275a0b 3f2e2786 3e42d961 3f43ef07 3e6b1b25 3f4fe8b2 3e889be2 3f50b801 3e9baa31 3f488474 3eafcb13 3f3bf839 3ec602e1 3f3053c3 3edf6b4a 3f295a5e 3ef27999 3f27e7ee 3f056b47 3f29bbf9 3f0bc1d2 3f2a8c19 3f13b43b 3f25efb0 3f1cb219 3f19616f 3f1dbd90 3f05895d 3f1fd80a 3edc90a9 3f28dd04 3eb2f06d 3f3158b6 3e99a868 3f2fc068 3e97a288 3f2c8523 3eac6d2d 3f24a482 3ecffce6 3f251f92 3ef5176b 3f1dc4ac 3f06bf66 3f19850b 3f072667 3f187279 3ef2e2a1 3f15456c 3ebd675b 3f10839f 3e69977b 3f108011 3d852d1f 3f0a2984 bddc0128 3f06732f be91eb3b 3f009ecf bef08581 3ef7b2ea bf2a10d8 3ed7fe9f bf5d2ebc 3ec4e932 bf868366 3ea4141c bf98b2eb 3e7e05e8 bfa00000 3e3e72a9 bf97ba8a 3dc6c025 bf7aed21 bb8b1021 bf2504be bde9126f be6341c1 be716e24 3e5ee5d8 bea20b68 3f17c9ca bece7b04 3f552dc6 beed3211 3f65914f befaf1bd 3f49d903 bee39924 3f0e5caf bed7f780 3e8f73d0 becf867a 3d50cb76 bea7367f bd6c37f5 be964d55 bc25f302 be8458b4 3e38caaf be57e949 3ee9a30d be2d909b 3f3b93fe be0329b1 3f6c7d9d bdc6dc94 3f77e6b8 bd39e14a 3f5913b9 3c998ed3 3f175ce2 3d98ab58 3e873746 3e188ee9 bd53c722 3e608c12 be91226d 3e90088e bec71fbb 3ea42254 bebbcdcb 3eaeb880 be82168f 3eb1d3c7 bde36d6d 3ea752ef a5d4b77b 3ea744b8 3d115f14 3e99850b bc84f891 3e8cd0d7 be08542b 3e7bfd33 be89cb91 3e6d23da bebe1bfc 3e51964c becc06a3 3e4b26dd beab6e2b 3e31be73 be46afe4 3e0fcfb0 bc5a7852 3d8bb00c 3e240d59 3d5bc1d4 3e926381 bbcc26c8 3eaf57b6 bc6e7912 3eaaa98c bd5bfab4 3e90fda5 bd2a0d5d 3e68a4f1 bccb434c 3e49eb54 bced23da 3e571a13 bccb434c 3e864914 bcba8be4 3eaa1a59 bbca5fd1 3ec74672 3c87f3f0 3ecf8829 3d07bb12 3ebb6bc2 3d6d5cb9 3e8cf8de 3da1070c 3e1d9987 3dd82228 3d00f404 3e1452d7 bd82f0ae 3e2970f8 bdecd476 3e3a613e bdfc3bee 3e4b5185 bdceca08 3e340008 bd92c8fa 3e2d9ed1 bd674a28 3e2526ae bd886c40 3e0bcc7c bdcaeb8a 3e12030b be0d4881 3e0773fc be24d6cf 3ddc3394 be17e59a 3dba5306 bdb9fab5 3da51878 3bd15da7 3d8337ea 3e0017a8 3d3a5306 3e7639f2 3cfddb41 3ea8c00c bbca5fd1 3ec220ff 3c272a0b 3ec73d0f 3ccb434c 3ebe269c 3c6cb21b 3eaffb27 3d187279 3ea4c9c3 3d074954 3ea00f3c 3d94610f 3e9f3007 3dcb7c2c 3e9a8f7b 3da0b1bf 3e88dd5a 3e122db3 3e46a5c9 3e2fd22d 3da4dc09 3e3a613e bd75ee9a 3e609a4b be4f7145 3e42924b bea26fd0 3e21070c bec1c56f 3e3a3698 bebeb938 3e2970f8 be9a3fd3 3e1ed3b1 be38ca26 3e078233 bd0949c7 3d98ab58 3dee6444 3da51878 3e8197d4 3d831b7b 3ebd80d9 3cba8be4 3eefe45a 3c4b434c 3f0d1efe 3ca8f103 3f1dc86e 3d078233 3f2728bf 3d3a5306 3f24724b 3d9016c6 3f107867 3dc2e799 3ed083e0 3e056b47 3e362c0c 3e2fc3f5 bdbf34a6 3e51a484 beb5d8c5 3e6f5737 bf0bce2c 3e79e646 bf1c93a0 3e5813f0 bf058f78 3e341c77 be91363f 3e3616f4 3d63f548 3e09a758 3ed65f9e 3de8d98f 3f37a542 3dad9099 3f608bba 3dad742b 3f5be24f 3dc2aeba 3f2be0ca 3ddc1724 3ebd2c2a 3e0329b1 3d1fd769 3e272f64 be696036 3e51a484 beb839e1 3e53ad37 bea7107f 3e4d6872 be157c0f 3e44f04e 3df6b801 3e3a5306 3ec7ab77 3e230fc1 3f154052 3e014ba4 3f25c5d4 3e23018a 3f12dd3d 3e42cb29 3ec9fcd1 3e4d6871 3e319447 3e51a484 bc8f0efc 3e57f780 bdf70894 3e5e4a7f bde27261 3e68e7c9 a7a2fb0d 3e42d961 3e2ac699 3e383c1a 3ea91df8 3e340008 3edf7d5d 3e3e6471 3ee87c3e 3e4f7f5e 3ec4438a 3e5c41ca 3e81f7fe 3e5a1ca4 3de63a2c 3e5a1ca4 3bc2099b 3e6294c8 bd0e37a1 3e57db11 bb867e27 3e40c275 3d9ed9f6 3e4b3515 3e317253 3e2dbb40 3e7949e4 3e3e80e1 3e85224b 3e1ab40e 3e5d13b9 3e382de2 3e011969 3e4d6871 3cac1922 3e25431e bd85d77b 3e33e398 bddd6cd6 3e20f8d4 bdccf9ef 3e1ed3b1 bd5b2c5c 3e09b58f 3bae68a7 3e09a758 3d3de6b3 3e0bb00c 3d4067df 3e0112c5 b92e1723 3dcf54b6 bdae7993 3da534e5 be3e19aa 3d9ca054 be8d13ca 3d75b86d beabb664 3d648f47 beb7ed3b 3c2ab7f8 beb68014 3b878233 beb1d8ef bc98ab58 beb5ba61 bd299b9f beca88c3 bd8c055c bef1f37e be099920 bf131dc4 be230fc1 bf2e2786 be384a50 bf43ef07 be607ddc bf4fe8b2 be8676bc bf50b801 bea0e382 bf488474 bea74bd3 bf3bf839 beb955c8 bf3053c3 bee06fa4 bf295a5e beed2af5 bf27e7ee bf00a5ec bf29bbf9 bf0c478e bf2a8c19 bf14bfb1 bf25efb0 bf1cae8c bf19616f bf2173e6 bf05895d bf27ce01 bedc90a9 bf2c0a13 beb2f06d bf2eadd5 be99a868 bf31dae4 be97a288 bf296d6b beac6d2d bf238e61 becffce6 bf20ea9d bef5176b bf1fdf28 bf06bf66 bf217b03 bf072667 bf13a991 bef2e2a1 bf1662a8 bebd675b bf0ee7c3 be69977b bf0c4400 bd852d1f bf0bbe44 3ddc0128 bf089137 3e91eb3b bf04de6f 3ef08581 beee2835 3f2a10d8 bed5cb41 3f5d2ebc bec1b17b 3f868366 be9b8dc2 3f98b2eb be757f8d 3fa00000 be294651 3f97ba8a bda94651 3f7aed21 3c991d16 3f2504be 3de09a4b 3e6341c1 3e53c9a9 be5ee5d8 3ea316de bf17c9ca 3eca3ef2 bf552dc6 3ef287d1 bf65914f 3ef8d3b5 bf49d903 3eee3d87 bf0e5caf 3ee18237 be8f73d0 3ec92542 bd50cb76 3eb0c852 3d6c37f5 3e9323d6 3c25f302 3e7df7b1 be38caaf 3e57ccd9 bee9a30d 3e27212d bf3b93fe 3df9ad68 bf6c7d9d 3da929e1 bf77e6b8 3cecb21b bf5913b9 bc8865ae bf175ce2 bd904fa5 be873746 be1677fd 3d53c722 be609a4c 3e91226d be933929 3ec71fbb beafcb11 3ebbcdcb beb84336 3e82168f bebc782b 3de36d6d bea526ae 27978f88 be9ed3b1 bd115f14 be965b8d 3c84f891 be8cd0d7 3e08542b be87894f 3e89cb91 be75aa35 3ebe1bfc be606fa4 3ecc06a3 be2d8261 3eab6e2b be1cae8c 3e46afe4 bded076a 3c5a7852 bd5b88f7 be240d59 bcec405e be926381 bcba1a27 beaf57b6 3c0865ae beaaa98c 3ca9d47d be90fda5 3d323030 be68a4f1 3d213fea be49eb54 3ccc26c8 be571a13 3d1016c6 be864914 3c2ab7f8 beaa1a59 3b878233 bec74672 bc98399a becf8829 bc87f3f0 bebb6bc2 bd8765c4 be8cf8de bda534e5 be1d9987 be034621 bd00f404 be0df1a1 3d82f0ae be2970f8 3decd476 be42d961 3dfc3bee be4b5185 3dceca08 be2526ae 3d92c8fa be231dfa 3d674a28 be20f8d5 3d886c40 be165b8d 3dcaeb8a be1ef020 3e0d4881 be035459 3e24d6cf bde8f5ff 3e17e59a bd9c83e4 3db9fab5 bd987279 bbd15da7 bd988ee9 be0017a8 bd2929e1 be7639f2 bc05bb3c bea8c00c bc98ab58 bec220ff bb878233 bec73d0f bc98399a bebe269c bc29d47d beaffb27 bd18399a bea4c9c3 bd7546b0 bea00f3c bd432079 be9f3007 bdd7ccd9 be9a8f7b bde4abb6 be88dd5a be07906b be46a5c9 be1452d8 bda4dc09 be46f904 3d75ee9a be40c275 3e4f7145 be66c2a2 3ea26fd0 be3c782b 3ec1c56f be2962bf 3ebeb938 be31f752 3e9a3fd3 be1a979e 3e38ca26 be034621 3d0949c7 bdc2cb29 bdee6444 bd8ffa56 be8197d4 bd2929e1 bebd80d9 bc98399a beefe45a bbc898da bf0d1efe bcba8be4 bf1dc86e bced23da bf2728bf bd2962bf bf24724b bd7e1420 bf107867 bda55156 bed083e0 bde8f5ff be362c0c be274bd3 3dbf34a6 be57f780 3eb5d8c5 be6d3211 3f0bce2c be77c122 3f1c93a0 be606fa4 3f058f78 be53bb6f 3e91363f be33f1d0 bd63f548 be143668 bed65f9e bdfe1420 bf37a542 bdbe80e1 bf608bba bda962bf bf5be24f bde0616e bf2be0ca bdf16e24 bebd2c2a be121143 bd1fd769 be20f8d4 3e696036 be51964c 3eb839e1 be53d7e0 3ea7107f be2b6b77 3e157c0f be4b5fbc bdf6b801 be340008 bec7ab77 be2534e6 bf154052 be231dfa bf25c5d4 be122db3 bf12dd3d be33f1d0 bec9fcd1 be275a0b be319447 be44f04e 3c8f0efc be53bb6f 3df70894 be606fa4 3de27261 be66c2a2 a673c5c1 be53bb6f be2ac699 be608c12 bea91df8 be2b6b77 bedf7d5d be3ec7f7 bee87c3e be53bb6f bec4438a be53ad39 be81f7fe be4d5a39 bde63a2c be5c255a bbc2099b be649d7e 3d0e37a1 be582228 3b867e27 be4097cd bd9ed9f6 be3e80e1 be317253 be3a44ce be7949e4 be33f1d0 be85224b be31dae4 be5d13b9 be46f904 be011969 be40d0ab bcac1922 be2d9ed1 3d85d77b be4723aa 3ddd6cd6 be1ca054 3dccf9ef be1cae8c 3d5b2c5c be143668 bbae68a7 be0773fc bd3de6b3 bdf151b4 bd4067df bd9c6776 392e1723 bda94651 3dae7993 bd940bc1 3e3e19aa bdc30409 3e8d13ca bd988ee9 3eabb664 bd94610f 3eb7ed3b bca8f103 3eb68014 bcba8be4 3eb1d8ef 3c4b434c 3eb5ba61 3d8370c9 3eca88c3 3d7ddb40 3ef1f37e 3e05797e 3f131dc4 3e2534e6 3f2e2786 3e5813f1 3f43ef07 3e64b9ec 3f4fe8b2 3e856b47 3f50b801 3e987995 3f488474 3eb0cf6e 3f3bf839 3ec4f04e 3f3053c3 3ede5fd4 3f295a5e 3ef05b91 3f27e7ee 3f012ba6 3f29bbf9 3f080b7c 3f2a8c19 3f1192a4 3f25efb0 3f176375 3f19616f 3f1d37d5 3f05895d 3f26c28a 3edc90a9 3f2c935b 3eb2f06d 3f2e281b 3e99a868 3f2f371d 3e97a288 3f2d9ed1 3eac6d2d 3f24a482 3ecffce6 3f251c04 3ef5176b 3f1d3b64 3f06bf66 3f1a0ac6 3f072667 3f176375 3ef2e2a1 3f14bc23 3ebd675b 3f13ad1f 3e69977b 3f0f710d 3d852d1f 3f0b34fb bddc0128 3f06f8ea be91eb3b 3f01add4 bef08581 3ef376d8 bf2a10d8 3ee27f76 bf5d2ebc 3ec4e216 bf868366 3ead9099 bf98b2eb 3e8120fd bfa00000 3e33e398 bf97ba8a 3dad742b bf7aed21 bd078233 bf2504be be0ffa56 be6341c1 be716e24 3e5ee5d8 beaeb164 3f17c9ca bed2b714 3f552dc6 bee3b593 3f65914f bef7c83e 3f49d903 beef48fe 3f0e5caf bee4b2d2 3e8f73d0 bed1a484 3d50cb76 bec0bb5a bd6c37f5 be8bb00c bc25f302 be77a4b1 3e38caaf be4d4c01 3ee9a30d be1c921c 3f3b93fe bdecce8d 3f6c7d9d bdad57bb 3f77e6b8 bd205c70 3f5913b9 3ccc26c8 3f175ce2 3dade5e8 3e873746 3e1cd932 bd53c722 3e6b295a be91226d 3e94449f bec71fbb 3ea752ef bebbcdcb 3ea962bf be82168f 3eb94eab bde36d6d 3eaebf9b a5d4b77b 3ea42254 3d115f14 3e9ba315 bc84f891 3e8de368 be08542b 3e801ca2 be89cb91 3e758dc5 bebe1bfc 3e62785a becc06a3 3e3608be beab6e2b 3e250a3f be46afe4 3dcf7126 bc5a7852 3d985609 3e240d59 3ccb434c 3e926381 3b05bb3c 3eaf57b6 bcbafda3 3eaaa98c bccc26c8 3e90fda5 bd108883 3e68a4f1 bd104fa5 3e49eb54 bca962bf 3e571a13 bca9d47d 3e864914 bca9d47d 3eaa1a59 bbcc26c8 3ec74672 3c878233 3ecf8829 3d3a8be4 3ebb6bc2 3d5c3394 3e8cf8de 3d9cbcc3 3e1d9987 3de07ddc 3d00f404 3e165b8d bd82f0ae 3e31e91b bdecd476 3e3c782b bdfc3bee 3e492c60 bdceca08 3e2b961d bd92c8fa 3e14610f bd674a28 3e293819 bd886c40 3e2526ae bdcaeb8a 3e121f7b be0d4881 3e056b46 be24d6cf 3de07ddc be17e59a 3dc71574 bdb9fab5 3da0ea9d 3bd15da7 3d75b86d 3e0017a8 3ced9597 3e7639f2 3c98ab58 3ea8c00c 3c6cb21b 3ec220ff 00000000 3ec73d0f 3c6cb21b 3ebe269c 3d21070c 3eaffb27 3d299b9f 3ea4c9c3 3d5c3394 3ea00f3c 3d39e14a 3e9f3007 3d9ca054 3e9a8f7b 3dc6f904 3e88dd5a 3dfdf7b1 3e46a5c9 3e340e40 3da4dc09 3e3e9d51 bd75ee9a 3e4f8d96 be4f7145 3e62a302 bea26fd0 3e2fd22d bec1c56f 3e2534e5 bebeb938 3e230fc1 be9a3fd3 3e187279 be38ca26 3dfe1420 bd0949c7 3dc2cb29 3dee6444 3d878233 3e8197d4 3d3a5306 3ebd80d9 3cfddb41 3eefe45a 3ca8f102 3f0d1efe 3d4b434c 3f1dc86e 3cfd6983 3f2728bf 3d18399a 3f24724b 3d987279 3f107867 3dcb434c 3ed083e0 3e056b47 3e362c0c 3e2d9ed1 bdbf34a6 3e5805b9 beb5d8c5 3e6f48fe bf0bce2c 3e6f48fe bf1c93a0 3e51b2b9 bf058f78 3e5c255a be91363f 3e4f62ee 3d63f548 3e121f7b 3ed65f9e 3dd3d7e0 3f37a542 3d8370c8 3f608bba 3da51876 3f5be24f 3dad909b 3f2be0ca 3dcf7125 3ebd2c2a 3e1ee1e8 3d1fd769 3e36252e be696036 3e471574 beb839e1 3e4b3515 bea7107f 3e40b43d be157c0f 3e3c69f3 3df6b801 3e1aa5d6 3ec7ab77 3e381173 3f154052 3e143668 3f25c5d4 3e340e40 3f12dd3d 3e20dc65 3ec9fcd1 3e22f351 3e319447 3e4b5185 bc8f0efc 3e690436 bdf70894 3e5e58b8 bde27261 3e537459 a7a2fb0d 3e3a6f76 3e2ac699 3e4b26dd 3ea91df8 3e363363 3edf7d5d 3e42a083 3ee87c3e 3e5805b9 3ec4438a 3e5805b9 3e81f7fe 3e55eecd 3de63a2c 3e5e66ef 3bc2099b 3e62a302 bd0e37a1 3e55d25c bb867e27 3e36419b 3d9ed9f6 3e48f381 3e317253 3e1efe57 3e7949e4 3e3e80e1 3e85224b 3e384a50 3e5d13b9 3e3a3698 3e011969 3e51a484 3cac1922 3e2dbb40 bd85d77b 3e33d560 bddd6cd6 3e1cd932 bdccf9ef 3e1ee1e8 bd5b2c5c 3e165b8d 3bae68a7 3e07906b 3d3de6b3 3df9e646 3d4067df 3dcb5fbc b92e1723 3dc2cb29 bdae7993 3db1dae4 be3e19aa 3dc6dc94 be8d13ca 3da929e1 beabb664 3d42aeba beb7ed3b 3d074954 beb68014 3c6cb21b beb1d8ef bced23da beb5ba61 bd42e799 beca88c3 bdc6f904 bef1f37e bdf9e646 bf131dc4 be2526ae bf2e2786 be3e9d4f bf43ef07 be62a302 bf4fe8b2 be834d3d bf50b801 be9dc11e bf488474 bea970f8 bf3bf839 beb62c48 bf3053c3 bed3c9a7 bf295a5e bef9d80e bf27e7ee bf03cf6b bf29bbf9 bf108011 bf2a8c19 bf1439f6 bf25efb0 bf1d37d5 bf19616f bf2064e2 bf05895d bf2635b4 bedc90a9 bf2b80c8 beb2f06d bf2c8fcd be99a868 bf2fbcdb be97a288 bf2e2819 beac6d2d bf230518 becffce6 bf21f9a1 bef5176b bf23990b bf06bf66 bf14b895 bf072667 bf18843f bef2e2a1 bf0bb39b bebd675b bf13b43b be69977b bf0cc9bc bd852d1f bf0b34fb 3ddc0128 bf023001 3e91eb3b bf01b161 3ef08581 bef04d59 3f2a10d8 bee4b2d2 3f5d2ebc becf8d96 3f868366 beb61e10 3f98b2eb be89a03c 3fa00000 be40b43d 3f97ba8a bd98399a 3f7aed21 3c991d16 3f2504be 3dd82228 3e6341c1 3e6d4e7f be5ee5d8 3eafd949 bf17c9ca 3ed91f67 bf552dc6 3eef5737 bf65914f 3f002031 bf49d903 3ee4c826 bf0e5caf 3ee294ca be8f73d0 3ecc55de bd50cb76 3eba4beb 3d6c37f5 3e997df0 3c25f302 3e7be0c4 be38caaf 3e539f01 bee9a30d 3e2f994f bf3b93fe 3e0db8c2 bf6c7d9d 3dc275db bf77e6b8 3da48a4a bf5913b9 bcdcde2f bf175ce2 bdbeb9be be873746 be1ab40e 3d53c722 be66ed4a 3e91226d be9880b1 3ec71fbb beadad0b 3ebbcdcb bebb6cb5 3e82168f bebc782b 3de36d6d bea8574a 27978f88 be9ecc95 bd115f14 be965470 3c84f891 be910ce9 3e08542b be85642b 3e89cb91 be759bfd 3ebe1bfc be606fa4 3ecc06a3 be492c60 3eab6e2b be12030b 3e46afe4 bdf151b4 3c5a7852 bd9c83e4 be240d59 bc862cfa be926381 bafd3ec5 beaf57b6 3cee7912 beaaa98c 3d435956 be90fda5 3cfe4cff be68a4f1 3caa463c be49eb54 3cfe4cff be571a13 3b89492a be864914 3c078233 beaa1a59 bb09492a bec74672 bc0865ae becf8829 bd187279 bebb6bc2 bd8bcc7c be8cf8de bde0616e be1d9987 be09a758 bd00f404 be274bd3 3d82f0ae be232c30 3decd476 be384a50 3dfc3bee be44fe86 3dceca08 be20f8d5 3d92c8fa be1880b1 3d674a28 be1aa5d6 3d886c40 be0bcc7c 3dcaeb8a be07906b 3e0d4881 be035459 3e24d6cf bde07ddc 3e17e59a bdcf8d96 3db9fab5 bdadad09 bbd15da7 bd878233 be0017a8 bca87f45 be7639f2 bb83f445 bea8c00c bc4b434c bec220ff 3b09492a bec73d0f bca8f102 bebe269c bd423cfb beaffb27 bd20ce2d bea4c9c3 bd6ceafb bea00f3c bd75b86d be9f3007 bd8370c8 be9a8f7b bdade5e8 be88dd5a be012f35 be46a5c9 be0370c8 bda4dc09 be491e28 3d75ee9a be649d7e 3e4f7145 be4b5185 3ea26fd0 be53d7df 3ec1c56f be3616f4 3ebeb938 be2526ae 3e9a3fd3 be1ed3b1 3e38ca26 bdf9c9d5 3d0949c7 bdbe80e1 bdee6444 bd987279 be8197d4 bd42aeba bebd80d9 bd21070c beefe45a bc98399a bf0d1efe bd074954 bf1dc86e bcfddb41 bf2728bf bd20ce2d bf24724b bd5c3394 bf107867 bd94610f bed083e0 be099920 be362c0c be2b87e5 3dbf34a6 be5a0e6c 3eb5d8c5 be6b0ced 3f0bce2c be75aa35 3f1c93a0 be57f780 3f058f78 be492c60 3e91363f be383c18 bd63f548 be187279 bed65f9e bded23da bf37a542 bdba5306 bf608bba bd8ffa56 bf5be24f bdbe9d4f bf2be0ca bde4abb6 bebd2c2a be1a8966 bd1fd769 be382de0 3e696036 be44f04e 3eb839e1 be53c9a7 3ea7107f be3e8f19 3e157c0f be31ccab bdf6b801 be2d9ed1 bec7ab77 be187279 bf154052 be1880b1 bf25c5d4 be1452d8 bf12dd3d be3616f4 bec9fcd1 be2dbb40 be319447 be53bb6f 3c8f0efc be55e094 3df70894 be68f5ff 3de27261 be4f7f5e a673c5c1 be5805b9 be2ac699 be492c60 bea91df8 be4d76a9 bedf7d5d be471574 bee87c3e be3e9d4f bec4438a be57e949 be81f7fe be57f780 bde63a2c be5e4a80 bbc2099b be60616e 3d0e37a1 be583061 3b867e27 be4097cd bd9ed9f6 be3e80e1 be317253 be3e80e1 be7949e4 be33f1d0 be85224b be33f1d0 be5d13b9 be3c949b be011969 be2d909b bcac1922 be381fab 3d85d77b be20ce2d 3ddd6cd6 be36252e 3dccf9ef be0fdde6 3d5b2c5c be1ed3b1 bbae68a7 be0ffa56 bd3de6b3 be07906b bd4067df bdb5ec4e 392e1723 bdbe80e1 3dae7993 bd9c83e4 3e3e19aa bdba6f76 3e8d13ca bdadc978 3eabb664 bd9cf5a2 3eb7ed3b bd078233 3eb68014 bd07f3f0 3eb1d8ef 3ccbb50a 3eb5ba61 3d75f14a 3eca88c3 3d8ffa56 3ef1f37e 3de8f5ff 3f131dc4 3e0ffa56 3f2e2786 3e493a98 3f43ef07 3e64b9ec 3f4fe8b2 3e87894f 3f50b801 3e9dc839 3f488474 3eb40008 3f3bf839 3eca3ef2 3f3053c3 3ee18952 3f295a5e 3ef38510 3f27e7ee 3f023aab 3f29bbf9 3f0c4b1b 3f2a8c19 3f132af2 3f25efb0 3f1a9081 3f19616f 3f17e5a2 3f05895d 3f2b0229 3edc90a9 3f304d40 3eb2f06d 3f348953 3e99a868 3f2c8c40 3e97a288 3f2c8fcd 3eac6d2d 3f241ec6 3ecffce6 3f25a54d 3ef5176b 3f1d3b64 3f06bf66 3f1a0ac6 3f072667 3f187279 3ef2e2a1 3f143668 3ebd675b 3f14b896 3e69977b 3f0f710d 3d852d1f 3f09a03c bddc0128 3f03cf6b be91eb3b 3efe1420 bef08581 3ef594e0 bf2a10d8 3ee49d7e bf5d2ebc 3ed2938b bf868366 3ea3018a bf98b2eb 3e6d23da bfa00000 3e3a3698 bf97ba8a 3dad742b bf7aed21 bc4d0a42 bf2504be bde92edf be6341c1 be5c5e3b 3e5ee5d8 beac9a78 3f17c9ca bed2b714 3f552dc6 bef38511 3f65914f beff2dcd 3f49d903 bef59bfd 3f0e5caf beec1863 3e8f73d0 bed19d67 3d50cb76 bebe9635 bd6c37f5 be9ca770 bc25f302 be735a68 3e38caaf be4f62ee 3ee9a30d be20bff6 3f3b93fe be0329b1 3f6c7d9d bdb1a204 3f77e6b8 bd0f6c2a 3f5913b9 3c6f5c8d 3f175ce2 3da9b80d 3e873746 3e1ab40e bd53c722 3e718a92 be91226d 3e9887cd bec71fbb 3eadad09 bebbcdcb 3ec2e07e be82168f 3eb94790 bde36d6d 3ea64779 a5d4b77b 3e9dc83a 3d115f14 3e9dba02 bc84f891 3e8ddc4e be08542b 3e855d0f be89cb91 3e5805b9 bebe1bfc 3e53ad39 becc06a3 3e2d9ed1 beab6e2b 3e2b5d3d be46afe4 3e07578c bc5a7852 3dc275db 3e240d59 3d318594 3e926381 b8637b5c 3eaf57b6 bcbafda3 3eaaa98c bd5c3394 3e90fda5 bd10c162 3e68a4f1 bc98ab58 3e49eb54 bcfebebd 3e571a13 bca9d47d 3e864914 bc87f3f0 3eaa1a59 bb09492a 3ec74672 3ced9597 3ecf8829 3cfe4d00 3ebb6bc2 3d4b434c 3e8cf8de 3d942831 3e1d9987 3ddc5002 3d00f404 3e0df1a0 bd82f0ae 3e2b87e4 bdecd476 3e3e9d51 bdfc3bee 3e42d961 bdceca08 3e44f04e bd92c8fa 3e1ccafa bd674a28 3e230fc1 bd886c40 3e079ea2 bdcaeb8a 3e121f7b be0d4881 3e056b46 be24d6cf 3de07ddc be17e59a 3dbe9d4f bdb9fab5 3da0ea9d 3bd15da7 3d75b86d 3e0017a8 3d3a5306 3e7639f2 3c98ab58 3ea8c00c 3b878233 3ec220ff 3b05bb3c 3ec73d0f 3c6bce9f 3ebe269c 3d1016c6 3eaffb27 3d20ce2d 3ea4c9c3 3d318594 3ea00f3c 3d7ddb40 3e9f3007 3d8fdde6 3e9a8f7b 3dc6f904 3e88dd5a 3e0de36a 3e46a5c9 3e2526ae 3da4dc09 3e295488 bd75ee9a 3e42cb29 be4f7145 3e607ddc bea26fd0 3e385888 bec1c56f 3e276843 bebeb938 3e340008 be9a3fd3 3e230fc1 be38ca26 3e0ffa56 bd0949c7 3de4abb6 3dee6444 3d8bcc7c 3e8197d4 3d98399a 3ebd80d9 3c09492a 3eefe45a 3cba1a27 3f0d1efe 3d31f752 3f1dc86e 3d074954 3f2728bf 3d3a5306 3f24724b 3d7e1420 3f107867 3db1dae4 3ed083e0 3e012f35 3e362c0c 3e2fd22d bdbf34a6 3e51a484 beb5d8c5 3e66d0da bf0bce2c 3e715fea bf1c93a0 3e5a2add bf058f78 3e53bb6f be91363f 3e42bcf1 3d63f548 3e1ca054 3ed65f9e 3ded23da 3f37a542 3db1dae4 3f608bba 3d9c83e4 3f5be24f 3db1dae4 3f2be0ca 3dcf8d96 3ebd2c2a 3e188ee9 3d1fd769 3e2b87e4 be696036 3e4d6871 beb839e1 3e44e216 bea7107f 3e3e8f19 be157c0f 3e3e80e1 3df6b801 3e1ed3b1 3ec7ab77 3e1a979f 3f154052 3e0de368 3f25c5d4 3e2dad09 3f12dd3d 3e340008 3ec9fcd1 3e250a3f 3e319447 3e53c9a9 bc8f0efc 3e690436 bdf70894 3e606fa4 bde27261 3e68e7c9 a7a2fb0d 3e3c8663 3e2ac699 3e4b18a5 3ea91df8 3e2fd22d 3edf7d5d 3e3a285f 3ee87c3e 3e4d5a3a 3ec4438a 3e4f7f5e 3e81f7fe 3e53bb6f 3de63a2c 3e606fa4 3bc2099b 3e5c3394 bd0e37a1 3e68f5ff bb867e27 3e55e094 3d9ed9f6 3e31f753 3e317253 3e44f04e 3e7949e4 3e383c1a 3e85224b 3e3616f4 3e5d13b9 3e2534e5 3e011969 3e3a5306 3cac1922 3e275a0b bd85d77b 3e31be73 bddd6cd6 3e2b87e5 bdccf9ef 3e1ed3b1 bd5b2c5c 3e14449f 3bae68a7 3e09a758 3d3de6b3 3df16e24 3d4067df 3dc71574 b92e1723 3dc2cb29 bdae7993 3db1dae4 be3e19aa 3dad9099 be8d13ca 3db5cfde beabb664 3d42aeba beb7ed3b 3d0fdde6 beb68014 bcfcf7c5 beb1d8ef bcfddb41 beb5ba61 bd53d7e0 beca88c3 bdcf7126 bef1f37e bde8f5ff bf131dc4 be1880b1 bf2e2786 be2fd22d bf43ef07 be5e66ef bf4fe8b2 be812f35 bf50b801 be9548fa bf488474 beb0cf6e bf3bf839 bebd8abe bf3053c3 bee18237 bf295a5e bef16708 bf27e7ee bf05642b bf29bbf9 bf09a3ca bf2a8c19 bf12a537 bf25efb0 bf1a940f bf19616f bf1fdf26 bf05895d bf263941 bedc90a9 bf29ec09 beb2f06d bf2d9ed1 be99a868 bf2c935b be97a288 bf2c935b beac6d2d bf238e61 becffce6 bf2282ea bef5176b bf23957c bf06bf66 bf1c28d0 bf072667 bf118b89 bef2e2a1 bf155731 bebd675b bf108011 be69977b bf0bbab7 bd852d1f bf099cae 3ddc0128 bf01aa46 3e91eb3b bf012818 3ef08581 bef158d0 3f2a10d8 bee3a03f 3f5d2ebc bed1ab9f 3f868366 beb1e200 3f98b2eb be822c73 3fa00000 be42cb29 3f97ba8a bd8fc177 3f7aed21 3c0865ae 3f2504be 3e0e0e10 3e6341c1 3e718a92 be5ee5d8 3eb527ee bf17c9ca 3ed2be31 bf552dc6 3ee8f5ff bf65914f 3ef8d3b5 bf49d903 3eea0892 bf0e5caf 3edf6b4a be8f73d0 3ecc55de bd50cb76 3eaeb164 3d6c37f5 3e942f4b 3c25f302 3e79c9d8 be38caaf 3e5179dc bee9a30d 3e2d8261 bf3b93fe 3e11e69d bf6c7d9d 3dba1a27 bf77e6b8 3d52f464 bf5913b9 bcfebebd bf175ce2 bdcb7c2c be873746 be1cd932 3d53c722 be64d65c 3e91226d be9662a7 3ec71fbb beadad0b 3ebbcdcb beb955c8 3e82168f beba613e 3de36d6d bea8574a 27978f88 be9ed3b1 bd115f14 be932af2 3c84f891 be8cd0d7 3e08542b be85642b 3e89cb91 be6afeb5 3ebe1bfc be5a0e6f 3ecc06a3 be3e80e1 3eab6e2b be1cae8c 3e46afe4 bdcb0a6e 3c5a7852 bda962bf be240d59 bc47b561 be926381 3c4dedbe beaf57b6 3cdd4fee beaaa98c 3ca9d47d be90fda5 3d4bb50a be68a4f1 3ced9597 be49eb54 3c87f3f0 be571a13 3c98ab58 be864914 3c29d47d beaa1a59 bb05bb3c bec74672 bca962bf becf8829 bd18ab58 bebb6bc2 bd835459 be8cf8de bddc3394 be1d9987 be012f35 bd00f404 be1cbcc3 3d82f0ae be231df8 3decd476 be3e9d4f 3dfc3bee be4f8d95 3dceca08 be20ea9d 3d92c8fa be20f8d5 3d674a28 be1880b1 3d886c40 be0de36a 3dcaeb8a be0bcc7c 3e0d4881 be035459 3e24d6cf bded4047 3e17e59a bdc2cb29 3db9fab5 bda0ea9d bbd15da7 bd7e1420 be0017a8 bd3a5306 be7639f2 bced23da bea8c00c 38637b5c bec220ff bc4d0a42 bec73d0f bc878233 bebe269c bd39e148 beaffb27 bd0fdde6 bea4c9c3 bd5bfab4 bea00f3c bd4b7c2c be9f3007 bd9016c6 be9a8f7b bd8c055c be88dd5a be012f35 be46a5c9 be165b8d bda4dc09 be2dad0b 3d75ee9a be3e9d4f 3e4f7145 be606fa4 3ea26fd0 be3e8f19 3ec1c56f be3c782b 3ebeb938 be340008 3e9a3fd3 be230fc1 3e38ca26 be034621 3d0949c7 bdcb26dd bdee6444 bd98560a be8197d4 bd5bfab4 bebd80d9 bcdb88f7 beefe45a bced23da bf0d1efe bc280d87 bf1dc86e bd0fdde6 bf2728bf bd42aeba bf24724b bd878233 bf107867 bda1070c bed083e0 be0773fc be362c0c be2fc3f8 3dbf34a6 be493a99 3eb5d8c5 be66df13 3f0bce2c be75aa35 3f1c93a0 be5a0e6f 3f058f78 be55e094 3e91363f be3e8f19 bd63f548 be1cae8c bed65f9e bdf151b4 bf37a542 bdba5306 bf608bba bda0ea9d bf5be24f bdd805b9 bf2be0ca bded23da bebd2c2a be143668 bd1fd769 be33f1d0 3e696036 be3c782b 3eb839e1 be4f8d95 3ea7107f be3a5306 3e157c0f be273d9b bdf6b801 be2b87e4 bec7ab77 be2970f8 bf154052 be1ee1e8 bf25c5d4 be122db3 bf12dd3d be382de0 bec9fcd1 be2b961d be319447 be4b434c 3c8f0efc be53c9a7 3df70894 be68e7c9 3de27261 be4d5a3a a673c5c1 be4f7f5e be2ac699 be47073c bea91df8 be3c69f3 bedf7d5d be42e799 bee87c3e be628690 bec4438a be5e3c47 be81f7fe be471574 bde63a2c be606fa4 bbc2099b be66c2a2 3d0e37a1 be540287 3b867e27 be3e80e1 bd9ed9f6 be3a44ce be317253 be3a44ce be7949e4 be382de3 be85224b be2b79ad be5d13b9 be42cb29 be011969 be33f1d0 bcac1922 be381fab 3d85d77b be3cbf41 3ddd6cd6 be2b79ad 3dccf9ef be340e40 3d5b2c5c be20f8d5 bbae68a7 bdfdf7b1 bd3de6b3 bde8d98f bd4067df bda0954e 392e1723 bdba3697 3dae7993 bd940bc1 3e3e19aa bdb1dae4 3e8d13ca bda1070c 3eabb664 bd903336 3eb7ed3b bcb9a86a 3eb68014 bc98ab58 3eb1d8ef 3c4b434c 3eb5ba61 3d7e85dd 3eca88c3 3d7ddb40 3ef1f37e 3e05797e 3f131dc4 3e2dbb40 3f2e2786 3e493a98 3f43ef07 3e64abb6 3f4fe8b2 3e87894f 3f50b801 3e9fe643 3f488474 3eada5ed 3f3bf839 3ec602e1 3f3053c3 3edb2f37 3f295a5e 3ef05b91 3f27e7ee 3f02c3f4 3f29bbf9 3f0b3c18 3f2a8c19 3f121bed 3f25efb0 3f19850b 3f19616f 3f175c59 3f05895d 3f274846 3edc90a9 3f2da5ed 3eb2f06d 3f31e200 3e99a868 3f2eadd5 3e97a288 3f2c8fcd 3eac6d2d 3f241b38 3ecffce6 3f238ad2 3ef5176b 3f1f55dd 3f06bf66 3f18f835 3f072667 3f18f4a7 3ef2e2a1 3f132764 3ebd675b 3f0eeb52 3e69977b 3f0d5304 3d852d1f 3f0cc9bb bddc0128 3f05642b be91eb3b 3f01add4 bef08581 3ef4896a bf2a10d8 3ee06888 bf5d2ebc 3ece5e92 bf868366 3e99850b bf98b2eb 3e715fea bfa00000 3e2fa785 bf97ba8a 3dcf3846 bf7aed21 b92a9c85 bf2504be bdd83e99 be6341c1 be4d9319 3e5ee5d8 beab87e5 3f17c9ca becd6f8d 3f552dc6 beed2af5 3f65914f befe1b3b 3f49d903 beed23da 3f0e5caf bedc2c77 3e8f73d0 bec812b0 3d50cb76 beb834fe bd6c37f5 be9976d5 bc25f302 be6f1e57 3e38caaf be5e4a7f 3ee9a30d be31ccab 3f3b93fe be0329b1 3f6c7d9d bdc29249 3f77e6b8 bd39e14a 3f5913b9 3b8b1020 3f175ce2 3d903336 3e873746 3e1cd932 bd53c722 3e62b137 be91226d 3e90088e bec71fbb 3ea6405c bebbcdcb 3eb0d688 be82168f 3eb519b6 bde36d6d 3eaa838b a5d4b77b 3ea63941 3d115f14 3e9cae8c bc84f891 3e9105cd be08542b 3e866fa1 be89cb91 3e5a2add bebe1bfc 3e4b434c becc06a3 3e31dae4 beab6e2b 3e2f994f be46afe4 3e0b939e bc5a7852 3dbe4801 3e240d59 3d641d8a 3e926381 3bca5fd1 3eaf57b6 bc6e7912 3eaaa98c bd4b434c 3e90fda5 bd323030 3e68a4f1 bcfebebd 3e49eb54 bccbb50a 3e571a13 bc6d9597 3e864914 bc98ab58 3eaa1a59 3b878233 3ec74672 3cdc6c72 3ecf8829 3ced23da 3ebb6bc2 3d64c826 3e8cf8de 3d987279 3e1d9987 3dd805b9 3d00f404 3e1452d7 bd82f0ae 3e31f752 bdecd476 3e383c18 bdfc3bee 3e3e8f19 bdceca08 3e2970f8 bd92c8fa 3e1aa5d6 bd674a28 3e14449f bd886c40 3e14449f bdcaeb8a 3e121143 be0d4881 3e0bbe44 be24d6cf 3de8f5ff be17e59a 3dc71574 bdb9fab5 3d987279 3bd15da7 3d7e1420 3e0017a8 3d2962bf 3e7639f2 3ccb434c 3ea8c00c 3c6cb21b 3ec220ff 3b878233 3ec73d0f 3cba1a27 3ebe269c 3d21070c 3eaffb27 3d0fdde6 3ea4c9c3 3d2929e1 3ea00f3c 3d7ddb40 3e9f3007 3db1be74 3e9a8f7b 3dcb26dd 3e88dd5a 3e1669c3 3e46a5c9 3e40c275 3da4dc09 3e3a5306 bd75ee9a 3e4d6871 be4f7145 3e4b434c bea26fd0 3e31e91b bec1c56f 3e2b87e5 bebeb938 3e2d9ed1 be9a3fd3 3e187279 be38ca26 3df59bfd bd0949c7 3dcb434c 3dee6444 3d75b86d 3e8197d4 3d98399a 3ebd80d9 3cdbfab4 3eefe45a 3b09492a 3f0d1efe 3cfe4d00 3f1dc86e 3cba1a27 3f2728bf 3d21070c 3f24724b 3d75b86d 3f107867 3db6252e 3ed083e0 3e012f35 3e362c0c 3e2970f8 bdbf34a6 3e4b5185 beb5d8c5 3e66d0da bf0bce2c 3e7bfd33 bf1c93a0 3e55eecd bf058f78 3e5a0e6c be91363f 3e44d3de 3d63f548 3e10088e 3ed65f9e 3de4abb6 3f37a542 3db1dae4 3f608bba 3da51878 3f5be24f 3dbe80e1 3f2be0ca 3ddc3394 3ebd2c2a 3e1669c3 3d1fd769 3e2d9ed1 be696036 3e4b434c beb839e1 3e491e28 bea7107f 3e47073c be157c0f 3e539f01 3df6b801 3e2b87e5 3ec7ab77 3e2526ae 3f154052 3e09a758 3f25c5d4 3e1cae8c 3f12dd3d 3e1ca054 3ec9fcd1 3e3e9d51 3e319447 3e3c69f3 bc8f0efc 3e5a1ca4 bdf70894 3e6294c8 bde27261 3e6f5737 a7a2fb0d 3e42e799 3e2ac699 3e4b26dd 3ea91df8 3e31f753 3edf7d5d 3e3e72a9 3ee87c3e 3e51a484 3ec4438a 3e5805b9 3e81f7fe 3e55e094 3de63a2c 3e5c3394 3bc2099b 3e57f780 bd0e37a1 3e55d25c bb867e27 3e3eab87 3d9ed9f6 3e4b3515 3e317253 3e492c60 3e7949e4 3e340008 3e85224b 3e2fc3f8 3e5d13b9 3e381173 3e011969 3e51a484 3cac1922 3e297f30 bd85d77b 3e2fa785 bddd6cd6 3e1ccafa bdccf9ef 3e1ee1e8 bd5b2c5c 3e0df1a1 3bae68a7 3e056b46 3d3de6b3 3dfe1420 3d4067df 3de8d98f b92e1723 3dadad0b bdae7993 3da962bf be3e19aa 3da51878 be8d13ca 3d8fdde6 beabb664 3d831b7b beb7ed3b 3c6e7912 beb68014 3bca5fd1 beb1d8ef bd18399a beb5ba61 bd5c3394 beca88c3 bdc6f904 bef1f37e bde4c826 bf131dc4 be1cbcc3 bf2e2786 be31f753 bf43ef07 be62a302 bf4fe8b2 be8241c7 bf50b801 be911b1f bf488474 beac935b bf3bf839 bebc7f47 bf3053c3 bee4a49a bf295a5e beec1f7f bf27e7ee bf03cf6b bf29bbf9 bf0a2d13 bf2a8c19 bf14bfb1 bf25efb0 bf1b19cc bf19616f bf2308a5 bf05895d bf26befd bedc90a9 bf2b80c8 beb2f06d bf2eadd5 be99a868 bf2fc068 be97a288 bf2e2819 beac6d2d bf2417aa becffce6 bf230c34 bef5176b bf253158 bf06bf66 bf17e931 bf072667 bf107c83 bef2e2a1 bf15e797 bebd675b bf108011 be69977b bf0cc9bc bd852d1f bf091364 3ddc0128 bf011d6f 3e91eb3b bf001587 3ef08581 beed1cbd 3f2a10d8 bee18237 3f5d2ebc bed3c28c 3f868366 beb40008 3f98b2eb be8120fd 3fa00000 be382de3 3f97ba8a bd8fc177 3f7aed21 3c4c26c8 3f2504be 3dd82228 3e6341c1 3e6b3795 be5ee5d8 3eaca8af bf17c9ca 3ed3d0c4 bf552dc6 3eeb140a bf65914f 3efc044f bf49d903 3eea0fad bf0e5caf 3ee07ddc be8f73d0 3ecf867a bd50cb76 3eba4beb 3d6c37f5 3e987279 3c25f302 3e7e05e8 be38caaf 3e57ccd9 bee9a30d 3e2d8261 bf3b93fe 3e097cb0 bf6c7d9d 3de439f7 bf77e6b8 3d74d4f0 bf5913b9 bd18ab58 bf175ce2 bdcb7c2c be873746 be1efe57 3d53c722 be69126f 3e91226d be955731 3ec71fbb beadad0b 3ebbcdcb bebb6cb5 3e82168f bea74bd3 3de36d6d beaa7c6f 27978f88 bea0f1b9 bd115f14 be99850b 3c84f891 be932af2 3e08542b be878233 3e89cb91 be7151b4 3ebe1bfc be53ad37 3ecc06a3 be47073c 3eab6e2b be20dc65 3e46afe4 bdf13544 3c5a7852 bda94651 be240d59 bcc9ee14 be926381 bcba1a27 beaf57b6 3ccc26c8 beaaa98c 3d4bede9 be90fda5 3d1800bd be68a4f1 3bcfb4b4 be49eb54 3ced23da be571a13 3cfddb41 be864914 3c6d9597 beaa1a59 3b89492a bec74672 bccad18e becf8829 bccbb50c bebb6bc2 bd213fea be8cf8de bd9cbcc3 be1d9987 bde07ddc bd00f404 be20ea9d 3d82f0ae be2970f8 3decd476 be3c782b 3dfc3bee be44f04e 3dceca08 be2526ae 3d92c8fa be2970f8 3d674a28 be20f8d5 3d886c40 be165b8d 3dcaeb8a be165b8d 3e0d4881 be07906b 3e24d6cf bdfa02b5 3e17e59a bddc5002 3db9fab5 bdb1dae4 bbd15da7 bd6d23da be0017a8 bd3a5306 be7639f2 392a9c85 bea8c00c bc069eb8 bec220ff bbc898da bec73d0f bc6cb21b bebe269c bd423cfb beaffb27 bd0fdde6 bea4c9c3 bd7ddb41 bea00f3c bd75b86d be9f3007 bd94610f be9a8f7b bd9cf5a4 be88dd5a bde9126f be46a5c9 be1880b1 bda4dc09 be42cb29 3d75ee9a be5e4a80 3e4f7145 be4f9bcc 3ea26fd0 be2b6b77 3ec1c56f be383c18 3ebeb938 be274bd3 3e9a3fd3 be1a979e 3e38ca26 be034621 3d0949c7 bdc6f904 bdee6444 bd98560a be8197d4 bd42aeba bebd80d9 bcba1a27 beefe45a bc98ab58 bf0d1efe bd187279 bf1dc86e bcfe4cfd bf2728bf bd4b434c bf24724b bd7e4cfd bf107867 bdadc978 bed083e0 bde09a4c be362c0c be31dae4 3dbf34a6 be5e4a80 3eb5d8c5 be6b1b25 3f0bce2c be77cf5a 3f1c93a0 be5c3394 3f058f78 be4f7f5e 3e91363f be3c69f3 bd63f548 be20f8d5 bed65f9e bdf16e24 bf37a542 bdb1be74 bf608bba bd98560a bf5be24f bdcb26dd bf2be0ca bde0616e bebd2c2a be1ca054 bd1fd769 be2fb5bd 3e696036 be3c8663 3eb839e1 be53c9a7 3ea7107f be3a44ce 3e157c0f be3c782b bdf6b801 be163f1e bec7ab77 be187279 bf154052 be1a979e bf25c5d4 be2fc3f8 bf12dd3d be3c69f3 bec9fcd1 be68bd22 be319447 be4b5185 3c8f0efc be493a99 3df70894 be5a2add 3de27261 be6d23da a673c5c1 be42cb29 be2ac699 be42e799 bea91df8 be4b6df4 bedf7d5d be2fd22d bee87c3e be40b43d bec4438a be491e28 be81f7fe be4f7f5e bde63a2c be55e094 bbc2099b be606fa4 3d0e37a1 be606fa4 3b867e27 be3c69f3 bd9ed9f6 be3616f4 be317253 be3616f4 be7949e4 be3616f4 be85224b be3616f4 be5d13b9 be3eb9bf be011969 be383c18 bcac1922 be33f1d0 3d85d77b be2b79ad 3ddd6cd6 be31e91b 3dccf9ef be0ba1d6 3d5b2c5c be1cae8c bbae68a7 be143668 bd3de6b3 bdf151b4 bd4067df bdb1a204 392e1723 bdba3697 3dae7993 bda0ce2d 3e3e19aa bdc2e799 3e8d13ca bda97f2f 3eabb664 bd7e4d00 3eb7ed3b bd1016c6 3eb68014 bcfebebd 3eb1d8ef 3ccbb50a 3eb5ba61 3d650104 3eca88c3 3d6ceafa 3ef1f37e 3dd3bb6f 3f131dc4 3e20f8d5 3f2e2786 3e4b5185 3f43ef07 3e606fa4 3f4fe8b2 3e8458b4 3f50b801 3ea0f8d5 3f488474 3eb0d688 3f3bf839 3ec602e1 3f3053c3 3ed7fe9c 3f295a5e 3ef49ebd 3f27e7ee 3f045c43 3f29bbf9 3f0b3c18 3f2a8c19 3f13b43b 3f25efb0 3f19817d 3f19616f 3f197def 3f05895d 3f27d18f 3edc90a9 3f2fc3f5 3eb2f06d 3f32f103 3e99a868 3f2e281b 3e97a288 3f2d9ed1 3eac6d2d 3f24a482 3ecffce6 3f262b08 3ef5176b 3f1e46da 3f06bf66 3f1a0ac6 3f072667 3f176375 3ef2e2a1 3f14bc23 3ebd675b 3f1323d6 3e69977b 3f0f710d 3d852d1f 3f0a25f8 bddc0128 3f03cf6b be91eb3b 3f012818 bef08581 3ef6a058 bf2a10d8 3ee173ff bf5d2ebc 3ed4b194 bf868366 3ea3018a bf98b2eb 3e6b0ced bfa00000 3e381173 bf97ba8a 3d985609 bf7aed21 bc6e7912 bf2504be bde4e496 be6341c1 be4faa06 3e5ee5d8 bea969dc 3f17c9ca bed0990c 3f552dc6 bef2799a 3f65914f bf001ca2 3f49d903 beef41e2 3f0e5caf bee8eee5 3e8f73d0 bed805b9 3d50cb76 bebe8f19 bd6c37f5 be9ecc95 bc25f302 be71437d 3e38caaf be3c3f4b 3ee9a30d be20ce2d 3f3b93fe bdf546ae 3f6c7d9d bdad57bb 3f77e6b8 bd06d797 3f5913b9 3caab7f8 3f175ce2 3dae0257 3e873746 3e1cd932 bd53c722 3e66ed4a be91226d 3e94449f bec71fbb 3ea85e65 bebbcdcb 3eaeb164 be82168f 3eb1dae4 bde36d6d 3ea86581 a5d4b77b 3ea52dca 3d115f14 3e9ba315 bc84f891 3e910ce9 be08542b 3e878233 be89cb91 3e5a2add bebe1bfc 3e4b434c becc06a3 3e382de0 beab6e2b 3e2f994f be46afe4 3dfddb41 bc5a7852 3de00c1f 3e240d59 3d532d43 3e926381 3d178efe 3eaf57b6 bc8865ae 3eaaa98c bd31f753 3e90fda5 bd8337ea 3e68a4f1 bd5ca552 3e49eb54 bd213fea 3e571a13 bc6cb21b 3e864914 bc87f3f0 3eaa1a59 00000000 3ec74672 3ccbb50a 3ecf8829 3d1016c6 3ebb6bc2 3d6d5cb9 3e8cf8de 3d8bcc7c 3e1d9987 3de09a4b 3d00f404 3e122db3 bd82f0ae 3e20ea9d bdecd476 3e3c782b bdfc3bee 3e471574 bdceca08 3e340008 bd92c8fa 3e1aa5d6 bd674a28 3e1ee1e8 bd886c40 3e1cbcc3 bdcaeb8a 3e1880b1 be0d4881 3e012f35 be24d6cf 3de07ddc be17e59a 3dc2cb29 bdb9fab5 3da0ea9d 3bd15da7 3d5c3394 3e0017a8 3d20ce2d 3e7639f2 3ca962bf 3ea8c00c 3bca5fd1 3ec220ff 3bca5fd1 3ec73d0f 3cba1a27 3ebe269c 3d187279 3eaffb27 3cfd6983 3ea4c9c3 3d31be74 3ea00f3c 3d6ceafa 3e9f3007 3da0ea9d 3e9a8f7b 3dcb26dd 3e88dd5a 3e14449f 3e46a5c9 3e3eab86 3da4dc09 3e340008 bd75ee9a 3e492c60 be4f7145 3e4f7f5e bea26fd0 3e36252c bec1c56f 3e340008 bebeb938 3e2fb5bd be9a3fd3 3e1ec578 be38ca26 3dfe1420 bd0949c7 3dd3bb6f 3dee6444 3d942830 3e8197d4 3da4df97 3ebd80d9 3cfddb41 3eefe45a bbc898da 3f0d1efe 3ccb434c 3f1dc86e 3c98399a 3f2728bf 3d187279 3f24724b 3d6d5cb9 3f107867 3db1dae4 3ed083e0 3df5b86d 3e362c0c 3e2534e6 bdbf34a6 3e4b5185 beb5d8c5 3e6f5737 bf0bce2c 3e77c122 bf1c93a0 3e5a2add bf058f78 3e57f780 be91363f 3e518814 3d63f548 3e10088e 3ed65f9e 3ded23da 3f37a542 3dc6dc94 3f608bba 3d9ca054 3f5be24f 3db1dae4 3f2be0ca 3dd3bb6f 3ebd2c2a 3e1669c3 3d1fd769 3e2b87e4 be696036 3e4d6871 beb839e1 3e491e28 bea7107f 3e47073c be157c0f 3e4b3515 3df6b801 3e382de0 3ec7ab77 3e33e398 3f154052 3e0de368 3f25c5d4 3e099920 3f12dd3d 3e098ae8 3ec9fcd1 3e42e799 3e319447 3e51b2bb bc8f0efc 3e5c41ca bdf70894 3e5e58b8 bde27261 3e5c3394 a7a2fb0d 3e3a6f76 3e2ac699 3e46dc94 3ea91df8 3e2fd22d 3edf7d5d 3e3c5bbb 3ee87c3e 3e53c9a9 3ec4438a 3e5805b9 3e81f7fe 3e55e094 3de63a2c 3e607ddc 3bc2099b 3e5c3394 bd0e37a1 3e53ad37 bb867e27 3e36419b 3d9ed9f6 3e4d5a39 3e317253 3e44f04e 3e7949e4 3e3a613e 3e85224b 3e3e72a9 3e5d13b9 3e25431e 3e011969 3e3a1a27 3cac1922 3e31e91b bd85d77b 3e2b961d bddd6cd6 3e2b87e5 bdccf9ef 3e230fc1 bd5b2c5c 3e1669c5 3bae68a7 3e0ffa56 3d3de6b3 3df9c9d8 3d4067df 3ddc3394 b92e1723 3db1f753 bdae7993 3dc6f904 be3e19aa 3da0ea9d be8d13ca 3dbe4801 beabb664 3cfebebd beb7ed3b 3d074954 beb68014 bc6bce9f beb1d8ef bcfddb41 beb5ba61 bd8337ea beca88c3 bdb1dae4 bef1f37e bdf9e646 bf131dc4 be20ea9d bf2e2786 be340e40 bf43ef07 be5c5002 bf4fe8b2 be834d3d bf50b801 be922696 bf488474 beaa7c6f bf3bf839 beba613e bf3053c3 bee17b1a bf295a5e bef59bfd bf27e7ee bf01b163 bf29bbf9 bf0ab2ce bf2a8c19 bf121bee bf25efb0 bf1ba315 bf19616f bf2282ea bf05895d bf2744b8 bedc90a9 bf2d9ed1 beb2f06d bf2d9ed1 be99a868 bf2f3720 be97a288 bf2d1917 beac6d2d bf2308a5 becffce6 bf1f55de bef5176b bf1fdf28 bf06bf66 bf1432da bf072667 bf17f3da bef2e2a1 bf1657ff bebd675b bf132af2 be69977b bf0d5304 bd852d1f bf089137 3ddc0128 bf009b42 3e91eb3b beff26b3 3ef08581 beef3ac7 3f2a10d8 bee7e36d 3f5d2ebc becf867a 3f868366 beac935b 3f98b2eb be866fa1 3fa00000 be3e8f19 3f97ba8a bd98399a 3f7aed21 3d21b1a9 3f2504be 3dcfaa05 3e6341c1 3e69126f be5ee5d8 3eafd949 bf17c9ca 3ed7015f bf552dc6 3ee8f5ff bf65914f 3efc044f bf49d903 3eed3211 bf0e5caf 3ee076c0 be8f73d0 3ecb434c bd50cb76 3eb82de0 3d6c37f5 3e964d55 3c25f302 3e7df7b1 be38caaf 3e55b5ed bee9a30d 3e2b5d3d bf3b93fe 3e05409f bf6c7d9d 3dd793fc bf77e6b8 3d423cfb bf5913b9 bcdc6c72 bf175ce2 bdcb7c2c be873746 be1ab40e 3d53c722 be64c826 3e91226d be9662a7 3ec71fbb beaeb880 3ebbcdcb bebb6cb5 3e82168f beab80c8 3de36d6d bea85e65 27978f88 bea30fc1 bd115f14 be976703 3c84f891 be900173 3e08542b be85642b 3e89cb91 be715fea 3ebe1bfc be5a0e6f 3ecc06a3 be42cb29 3eab6e2b be23018a 3e46afe4 bde044ff 3c5a7852 bdad909b be240d59 bd071076 be926381 bafd3ec5 beaf57b6 3c4d0a42 beaaa98c 3d3ac4c3 be90fda5 3d06d797 be68a4f1 3c2b9b74 be49eb54 3d078233 be571a13 3cdc6c72 be864914 3c4c26c8 beaa1a59 38637b5c bec74672 bb89492a becf8829 bca9d47d bebb6bc2 bcfebebd be8cf8de bdcb26dd be1d9987 bded23da bd00f404 be23018a 3d82f0ae be2dad0b 3decd476 be42d961 3dfc3bee be4d6872 3dceca08 be273d9b 3d92c8fa be1ed3b1 3d674a28 be1a979e 3d886c40 be165b8d 3dcaeb8a be121f7b 3e0d4881 be056b47 3e24d6cf bde4abb6 3e17e59a bddc5002 3db9fab5 bdadad09 bbd15da7 bd8bcc7c be0017a8 bd5c3394 be7639f2 bd1016c6 bea8c00c 3b8b1020 bec220ff bc0865ae bec73d0f bc98399a bebe269c bd423cfb beaffb27 bd2929e1 bea4c9c3 bd42aeba bea00f3c bd3a8be4 be9f3007 bd8370c8 be9a8f7b bda97f30 be88dd5a bdcfc675 be46a5c9 be036291 bda4dc09 be36252c 3d75ee9a be55d25c 3e4f7145 be44fe86 3ea26fd0 be606fa4 3ec1c56f be4d6871 3ebeb938 be1eb740 3e9a3fd3 be1ed3b1 3e38ca26 be0337ea 3d0949c7 bdd7e949 bdee6444 bd9ca054 be8197d4 bd4275db bebd80d9 bcfddb40 beefe45a bc98399a bf0d1efe bd20954e bf1dc86e bd0fdde6 bf2728bf bd3a1a27 bf24724b bd42e799 bf107867 bda1070c bed083e0 be163f1d be362c0c be231df8 3dbf34a6 be385888 3eb5d8c5 be5e66ef 3f0bce2c be75aa35 3f1c93a0 be53ad37 3f058f78 be4b434c 3e91363f be3e8f19 bd63f548 be20ea9d bed65f9e be056b47 bf37a542 bdbe9d51 bf608bba bda0ea9d bf5be24f bdbe9d4f bf2be0ca bddc3394 bebd2c2a be1ec578 bd1fd769 be33f1d0 3e696036 be3e9d4f 3eb839e1 be4f8d95 3ea7107f be3608be 3e157c0f be2d909b bdf6b801 be2d9ed1 bec7ab77 be2dad09 bf154052 be20f8d5 bf25c5d4 be231df8 bf12dd3d be3e8f19 bec9fcd1 be3c782b be319447 be51964c 3c8f0efc be4f8d95 3df70894 be64abb6 3de27261 be4f7f5e a673c5c1 be51b2bb be2ac699 be55fd04 bea91df8 be3616f4 bedf7d5d be383c18 bee87c3e be44f04e bec4438a be62785a be81f7fe be4d6872 bde63a2c be5c3394 bbc2099b be606fa4 3d0e37a1 be6afeb5 3b867e27 be33e398 bd9ed9f6 be4b6df4 be317253 be31ccab be7949e4 be2d909b be85224b be385888 be5d13b9 be295488 be011969 be340008 bcac1922 be491e28 3d85d77b be250a3f 3ddd6cd6 be2526ae 3dccf9ef be121143 3d5b2c5c be1a979e bbae68a7 be0de36a bd3de6b3 be056b47 bd4067df bda0b1bf 392e1723 bdba3697 3dae7993 bd940bc1 3e3e19aa bdadad09 3e8d13ca bd9cd932 3eabb664 bd6d5cb9 3eb7ed3b bced23da 3eb68014 bccbb50a 3eb1d8ef 3c4b434c 3eb5ba61 3d6d5cb9 3eca88c3 3da0ea9d 3ef1f37e 3dd3bb6f 3f131dc4 3e0ffa56 3f2e2786 3e55fd04 3f43ef07 3e5e58b8 3f4fe8b2 3e856b47 3f50b801 3e9a979e 3f488474 3eb0d688 3f3bf839 3ec602e1 3f3053c3 3ed4ce01 3f295a5e 3eef48fe 3f27e7ee 3f04e1fd 3f29bbf9 3f0de36a 3f2a8c19 3f132af2 3f25efb0 3f187279 3f19616f 3f1fdf28 3f05895d 3f28e093 3edc90a9 3f2b8458 3eb2f06d 3f36aae8 3e99a868 3f2b79ac 3e97a288 3f2a6e35 3eac6d2d 3f2200bd 3ecffce6 3f249649 3ef5176b 3f1d37d5 3f06bf66 3f1a9081 3f072667 3f165470 3ef2e2a1 3f129e1b 3ebd675b 3f1214d1 3e69977b 3f0e6209 3d852d1f 3f0bbab6 bddc0128 3f03cf6b be91eb3b 3ef8cc98 bef08581 3ef26b62 bf2a10d8 3ee6bb87 bf5d2ebc 3ecd531c bf868366 3eafaea3 bf98b2eb 3e8120fd bfa00000 3e2526ae bf97ba8a 3da0ce2d bf7aed21 bced9597 bf2504be bde9126f be6341c1 be5a3914 3e5ee5d8 be9bb868 3f17c9ca beda1ca7 3f552dc6 beec1f7f 3f65914f befd0fc4 3f49d903 bee8e0ad 3f0e5caf bed8fbdc 3e8f73d0 becb434c 3d50cb76 bebe9635 bd6c37f5 bea0ea9d bc25f302 be7df7b1 3e38caaf be5c255a 3ee9a30d be31ccab 3f3b93fe bdf5631d 3f6c7d9d bdad57bb 3f77e6b8 bd28f103 3f5913b9 3c998ed3 3f175ce2 3da13fea 3e873746 3e232c30 bd53c722 3e6f656d be91226d 3e922697 bec71fbb 3ea970f8 bebbcdcb 3eb2ed77 be82168f 3eb83c18 bde36d6d 3eadad0b a5d4b77b 3ea0f8d4 3d115f14 3e976703 bc84f891 3e89a758 be08542b 3e866fa1 be89cb91 3e68e7c9 bebe1bfc 3e5c255a becc06a3 3e31dae4 beab6e2b 3e20ce2d be46afe4 3e0b939e bc5a7852 3dc275db 3e240d59 3ced23da 3e926381 3cebce9f 3eaf57b6 bc87f3f0 3eaaa98c bd4b434c 3e90fda5 bd3a8be4 3e68a4f1 bc98ab58 3e49eb54 bced9597 3e571a13 bcba8be4 3e864914 bc98ab58 3eaa1a59 bbcc26c8 3ec74672 3b878233 3ecf8829 3d187279 3ebb6bc2 3d64c826 3e8cf8de 3db1f752 3e1d9987 3de4c826 3d00f404 3e10088e bd82f0ae 3e340e40 bdecd476 3e383c18 bdfc3bee 3e471574 bdceca08 3e189d21 bd92c8fa 3e2d8261 bd674a28 3e188ee9 bd886c40 3e0bdab4 bdcaeb8a 3e0bcc7c be0d4881 3e099920 be24d6cf 3de4abb6 be17e59a 3dba5306 bdb9fab5 3da0ea9d 3bd15da7 3d75b86d 3e0017a8 3d31be73 3e7639f2 3cecb21b 3ea8c00c 3c871076 3ec220ff 3b05bb3c 3ec73d0f 3ca8f103 3ebe269c 3d4b7c2c 3eaffb27 3d20ce2d 3ea4c9c3 3d8bcc7c 3ea00f3c 3d39e14a 3e9f3007 3da51876 3e9a8f7b 3ddc3394 3e88dd5a 3df151b4 3e46a5c9 3e31f752 3da4dc09 3e4b5fbc bd75ee9a 3e42cb29 be4f7145 3e491e28 bea26fd0 3e491e28 bec1c56f 3e31dae4 bebeb938 3e230fc1 be9a3fd3 3e0de368 be38ca26 3df9e646 bd0949c7 3dc2cb29 3dee6444 3da51878 3e8197d4 3d8fc177 3ebd80d9 3cba8be4 3eefe45a 3c4b434c 3f0d1efe 3c6cb21b 3f1dc86e 3ca962bf 3f2728bf 3d2962bf 3f24724b 3d9016c6 3f107867 3da962bf 3ed083e0 3e07906b 3e362c0c 3e2970f8 bdbf34a6 3e4f8d96 beb5d8c5 3e6b1b25 bf0bce2c 3e8241c7 bf1c93a0 3e55eecd bf058f78 3e492c60 be91363f 3e3616f4 3d63f548 3e20dc66 3ed65f9e 3de8d98f 3f37a542 3dbe6472 3f608bba 3d29d47d 3f5be24f 3dbe80e1 3f2be0ca 3dd39f01 3ebd2c2a 3e099920 3d1fd769 3e20dc65 be696036 3e3e80e1 beb839e1 3e53bb6f bea7107f 3e4d6872 be157c0f 3e4d6872 3df6b801 3e232c30 3ec7ab77 3e2d9ed1 3f154052 3e273d9b 3f25c5d4 3e186442 3f12dd3d 3e273d9b 3ec9fcd1 3e51b2bb 3e319447 3e4d6871 bc8f0efc 3e4f7f5e bdf70894 3e53ad37 bde27261 3e628692 a7a2fb0d 3e493a99 3e2ac699 3e3c8663 3ea91df8 3e36252c 3edf7d5d 3e42a083 3ee87c3e 3e57f780 3ec4438a 3e5c41ca 3e81f7fe 3e607ddc 3de63a2c 3e5e58b8 3bc2099b 3e64b9ec bd0e37a1 3e57bea3 bb867e27 3e4d6872 3d9ed9f6 3e2dc978 3e317253 3e42a083 3e7949e4 3e2dbb40 3e85224b 3e3e80e1 3e5d13b9 3e21070c 3e011969 3e493a98 3cac1922 3e2dbb40 bd85d77b 3e33c728 bddd6cd6 3e231df8 bdccf9ef 3e1ee1e8 bd5b2c5c 3e14449f 3bae68a7 3dfe3090 3d3de6b3 3dfe1420 3d4067df 3dcb5fbc b92e1723 3dd3bb6f bdae7993 3da962bf be3e19aa 3dbe6472 be8d13ca 3d5c6c72 beabb664 3d648f47 beb7ed3b 3d4275db beb68014 bc069eb8 beb1d8ef bc09492a beb5ba61 bd213fea beca88c3 bd7e85dd bef1f37e bdf16e24 bf131dc4 be1ed3b1 bf2e2786 be4b434c bf43ef07 be607ddc bf4fe8b2 be834d3d bf50b801 be9dc11e bf488474 beb94074 bf3bf839 beca30b9 bf3053c3 bede519c bf295a5e bef05475 bf27e7ee bf05e9e6 bf29bbf9 bf078950 bf2a8c19 bf119632 bf25efb0 bf17f04b bf19616f bf20ee2a bf05895d bf25aff9 bedc90a9 bf29ec09 beb2f06d bf2d1917 be99a868 bf2f3720 be97a288 bf2fbcdb beac6d2d bf2308a5 becffce6 bf1fdf28 bef5176b bf1cae8c bf06bf66 bf1a940f bf072667 bf18fbc2 bef2e2a1 bf13ad1f bebd675b bf0ffa56 be69977b bf0e6597 bd852d1f bf0c478e 3ddc0128 bf080b7c 3e91eb3b bf02371d 3ef08581 bef49088 3f2a10d8 bee4b2d2 3f5d2ebc bed0990d 3f868366 beb1e200 3f98b2eb be77a4b1 3fa00000 be33f1d0 3f97ba8a bd8fc177 3f7aed21 3cee7912 3f2504be 3dfa1f25 3e6341c1 3e62a302 be5ee5d8 3ea534e6 bf17c9ca 3eca3ef2 bf552dc6 3ef39348 bf65914f 3f04635d bf49d903 3ee6ed4a bf0e5caf 3ee3a75c be8f73d0 3ed091f1 bd50cb76 3eb2e65b 3d6c37f5 3e975fe7 3c25f302 3e7e05e8 be38caaf 3e4f62ee bee9a30d 3e2f994f bf3b93fe 3e0fcfb0 bf6c7d9d 3d8bb00c bf77e6b8 3d28f102 bf5913b9 bced9597 bf175ce2 bd9499ef be873746 be1cd932 3d53c722 be5e835f 3e91226d be900fa9 3ec71fbb beadad0b 3ebbcdcb beb955c8 3e82168f bebd8abe 3de36d6d bea52dc9 27978f88 be9cb5a6 bd115f14 be987995 3c84f891 be89a03c 3e08542b be8676bc 3e89cb91 be738510 3ebe1bfc be6294c8 3ecc06a3 be3c69f3 3eab6e2b be20ea9d 3e46afe4 bdd38291 3c5a7852 bd9c83e4 be240d59 bd648f47 be926381 bbc898da beaf57b6 3ccc26c8 beaaa98c 3ccbb50a be90fda5 3d3ac4c3 be68a4f1 3c998ed4 be49eb54 3d0efa6b be571a13 3cbafda3 be864914 3c6e7912 beaa1a59 3b0cd716 bec74672 bc069eb8 becf8829 bd750dd0 bebb6bc2 bd648f47 be8cf8de bdd38291 be1d9987 be098ae8 bd00f404 be165b8d 3d82f0ae be1aa5d6 3decd476 be2dbb40 3dfc3bee be40c275 3dceca08 be1cae8c 3d92c8fa be1a979e 3d674a28 be1cbcc3 3d886c40 be14449f 3dcaeb8a be09a758 3e0d4881 be09b590 3e24d6cf bde07ddc 3e17e59a bdc71574 3db9fab5 bd7546ae bbd15da7 bd835459 be0017a8 bd20ce2d be7639f2 bccb434c bea8c00c bcfebebd bec220ff bbcc26c8 bec73d0f bcba1a27 bebe269c bc29d47d beaffb27 bcdc6c72 bea4c9c3 bcfebebd bea00f3c bd9ca054 be9f3007 bdcb26dd be9a8f7b bdcfaa06 be88dd5a be143668 be46a5c9 be2962bf bda4dc09 be3e8f19 3d75ee9a be42d961 3e4f7145 be55e094 3ea26fd0 be383c18 3ec1c56f be340008 3ebeb938 be1ec578 3e9a3fd3 be25431e 3e38ca26 be056b47 3d0949c7 bdcf8d96 bdee6444 bd987279 be8197d4 bd648f47 bebd80d9 bccad190 beefe45a bbc898da bf0d1efe bccad18e bf1dc86e bcecb21b bf2728bf bd318594 bf24724b bd6ceafb bf107867 bdc6f904 bed083e0 bdf16e24 be362c0c be1452d8 3dbf34a6 be51a483 3eb5d8c5 be62a302 3f0bce2c be739348 3f1c93a0 be6294c8 3f058f78 be51a484 3e91363f be3616f4 bd63f548 be164d55 bed65f9e be012f35 bf37a542 bdb608be bf608bba bd8765c3 bf5be24f bde48f47 bf2be0ca bdf151b4 bebd2c2a be013d6c bd1fd769 be1ee1e8 3e696036 be384a50 3eb839e1 be6afeb5 3ea7107f be4b434c 3e157c0f be3a5306 bdf6b801 be1ca054 bec7ab77 be2970f8 bf154052 be1a979e bf25c5d4 be122db3 bf12dd3d be188ee9 bec9fcd1 be42cb29 be319447 be3a6f76 3c8f0efc be606fa4 3df70894 be66d0dd 3de27261 be715fea a673c5c1 be53ad37 be2ac699 be491e28 bea91df8 be5813f1 bedf7d5d be272f64 bee87c3e be4f7126 bec4438a be4d6872 be81f7fe be66b46a bde63a2c be5c3394 bbc2099b be68e7c9 3d0e37a1 be46f904 3b867e27 be51cf29 bd9ed9f6 be42bcf1 be317253 be3c782b be7949e4 be31dae4 be85224b be2fb5c0 be5d13b9 be3eab86 be011969 be295488 bcac1922 be3a7dae 3d85d77b be22f351 3ddd6cd6 be2d9ed1 3dccf9ef be2b87e4 3d5b2c5c be187279 bbae68a7 be1880b1 bd3de6b3 be0bcc7c bd4067df bdad57bb 392e1723 bdc2cb29 3dae7993 bda0ce2d 3e3e19aa bd7546ae 3e8d13ca bd7ddb40 3eabb664 bd4b434c 3eb7ed3b bd299b9f 3eb68014 bc078233 3eb1d8ef 3c878233 3eb5ba61 3d5c6c72 3eca88c3 3d8337ea 3ef1f37e 3dcf7125 3f131dc4 3e187279 3f2e2786 3e5a3917 3f43ef07 3e5e58b8 3f4fe8b2 3e823aab 3f50b801 3e9edaca 3f488474 3eb1e200 3f3bf839 3ec820e9 3f3053c3 3ede5fd4 3f295a5e 3ef16e24 3f27e7ee 3f001ca2 3f29bbf9 3f0bc1d2 3f2a8c19 3f12a536 3f25efb0 3f1ba314 3f19616f 3f1f55de 3f05895d 3f28574a 3edc90a9 3f29664e 3eb2f06d 3f3158b6 3e99a868 3f361e10 3e97a288 3f2ae948 3eac6d2d 3f2391ef 3ecffce6 3f227f5c 3ef5176b 3f1d37d5 3f06bf66 3f187279 3f072667 3f14bfb1 3ef2e2a1 3f13ad1f 3ebd675b 3f118b87 3e69977b 3f0ddc4e 3d852d1f 3f0b34fb bddc0128 3f080460 be91eb3b 3efaeaa1 bef08581 3eed23da bf2a10d8 3ee173ff bf5d2ebc 3ec91e28 bf868366 3ea51f91 bf98b2eb 3e801587 bfa00000 3e2b6b75 bf97ba8a 3da0ce2d bf7aed21 bb106505 bf2504be bdd83e99 be6341c1 be6f5737 3e5ee5d8 be9dd671 3f17c9ca bed3c28c 3f552dc6 beec1f7f 3f65914f befd0fc4 3f49d903 beeb05d1 3f0e5caf bee4b2d2 3e8f73d0 bed805b9 3d50cb76 bec4f76b bd6c37f5 be9a8967 bc25f302 be757f8d 3e38caaf be4f62ee 3ee9a30d be294651 3f3b93fe bdf0fc65 3f6c7d9d bda90d71 3f77e6b8 bd1800bd 3f5913b9 3ccc9886 3f175ce2 3db67a7b 3e873746 3e27767a bd53c722 3e6d4e7f be91226d 3e955731 bec71fbb 3eab8f01 bebbcdcb 3eb84334 be82168f 3eb40008 bde36d6d 3eadad0b a5d4b77b 3e999345 3d115f14 3e965b8d bc84f891 3e9323d6 be08542b 3e866fa1 be89cb91 3e7376d8 bebe1bfc 3e4b434c becc06a3 3e3c5bbb beab6e2b 3e1a7b2f be46afe4 3df13544 bc5a7852 3d8b939e 3e240d59 3d074954 3e926381 bc4b434c 3eaf57b6 bc09492a 3eaaa98c bcaab7f8 3e90fda5 bcddc1aa 3e68a4f1 bd108883 3e49eb54 bca9d47d 3e571a13 bcfebebd 3e864914 bc6d9597 3eaa1a59 bb09492a 3ec74672 3cba8be4 3ecf8829 3d21070c 3ebb6bc2 3d6d5cb9 3e8cf8de 3dba6f76 3e1d9987 3dd805b9 3d00f404 3e14449f bd82f0ae 3e2b87e4 bdecd476 3e3e9d51 bdfc3bee 3e3e8f19 bdceca08 3e340008 bd92c8fa 3e3e80e1 bd674a28 3e0bdab4 bd886c40 3e079ea2 bdcaeb8a 3e0de368 be0d4881 3e0dd532 be24d6cf 3e055d0f be17e59a 3dc71574 bdb9fab5 3da962bf 3bd15da7 3d75b86d 3e0017a8 3d1016c6 3e7639f2 3cba8be4 3ea8c00c 3b09492a 3ec220ff bbca5fd1 3ec73d0f 3c98ab58 3ebe269c 3c98399a 3eaffb27 3d31f752 3ea4c9c3 3d3a5306 3ea00f3c 3d6d23da 3e9f3007 3d942831 3e9a8f7b 3dcf8d96 3e88dd5a 3e034621 3e46a5c9 3e2dad09 3da4dc09 3e609a4b bd75ee9a 3e3a1a27 be4f7145 3e40a605 bea26fd0 3e4f7f5e bec1c56f 3e2ba453 bebeb938 3e1ee1e8 be9a3fd3 3e0de368 be38ca26 3e055d0f bd0949c7 3db1f753 3dee6444 3da0ce2d 3e8197d4 3d42aeba 3ebd80d9 3cfddb41 3eefe45a 3c6cb21b 3f0d1efe 3d187279 3f1dc86e 3d42e799 3f2728bf 3d2929e1 3f24724b 3d539f01 3f107867 3dc2cb29 3ed083e0 3e056b47 3e362c0c 3e2d9ed1 bdbf34a6 3e4f7f5e beb5d8c5 3e6d3212 bf0bce2c 3e812f35 bf1c93a0 3e53d7e0 bf058f78 3e4d6872 be91363f 3e382de0 3d63f548 3e0de368 3ed65f9e 3de07ddc 3f37a542 3db608be 3f608bba 3d942830 3f5be24f 3dad742b 3f2be0ca 3ddc1724 3ebd2c2a 3e078233 3d1fd769 3e2d9ed1 be696036 3e4d6871 beb839e1 3e4d5a3a bea7107f 3e3e9d4f be157c0f 3e491e28 3df6b801 3e3a5306 3ec7ab77 3e3c5bbb 3f154052 3e1ec578 3f25c5d4 3e274bd3 3f12dd3d 3e2fd22d 3ec9fcd1 3e4faa05 3e319447 3e3c782b bc8f0efc 3e4f7f5e bdf70894 3e66df12 bde27261 3e538291 a7a2fb0d 3e42d961 3e2ac699 3e3c782b 3ea91df8 3e2970f8 3edf7d5d 3e4b5185 3ee87c3e 3e3e5639 3ec4438a 3e51a484 3e81f7fe 3e5805b9 3de63a2c 3e5805b9 3bc2099b 3e64b9ec bd0e37a1 3e539f01 bb867e27 3e4d6872 3d9ed9f6 3e31f753 3e317253 3e44a937 3e7949e4 3e384a50 3e85224b 3e3c3f4b 3e5d13b9 3e2dbb40 3e011969 3e35fa86 3cac1922 3e211544 bd85d77b 3e381173 bddd6cd6 3e255156 bdccf9ef 3e1ab40e bd5b2c5c 3e1452d8 3bae68a7 3e121f7b 3d3de6b3 3e013d6c 3d4067df 3dd82228 b92e1723 3dc2e799 bdae7993 3dbe9d4f be3e19aa 3db1dae4 be8d13ca 3d9ca054 beabb664 3d5c3394 beb7ed3b 3ccbb50c beb68014 bb85bb3c beb1d8ef bd0fdde6 beb5ba61 bd53d7e0 beca88c3 bdadad0b bef1f37e bdd3f44f bf131dc4 be274bd3 bf2e2786 be44fe86 bf43ef07 be4faa06 bf4fe8b2 be7e3090 bf50b801 be9fdf26 bf488474 beac9a78 bf3bf839 bec602e0 bf3053c3 bed6f327 bf295a5e befbeefb bf27e7ee bf01b4f0 bf29bbf9 bf04e58b bf2a8c19 bf18f835 bf25efb0 bf17f04b bf19616f bf1cb5a9 bf05895d bf241b38 bedc90a9 bf2b80c8 beb2f06d bf2f3390 be99a868 bf31dae4 be97a288 bf2fbcdb beac6d2d bf230518 becffce6 bf2282ea bef5176b bf20ee2a bf06bf66 bf1a940f bf072667 bf1214d2 bef2e2a1 bf1662a8 bebd675b bf132764 be69977b bf0eeb52 bd852d1f bf0aaf40 3ddc0128 bf04dae1 3e91eb3b bef9c9d5 3ef08581 bee7c6fe 3f2a10d8 bed7f067 3f5d2ebc becf867a 3f868366 beafc3f5 3f98b2eb be8120fd 3fa00000 be33f1d0 3f97ba8a bda4fc08 3f7aed21 3c6e7912 3f2504be 3e103336 3e6341c1 3e4b434c be5ee5d8 3e9baa31 bf17c9ca 3ed1b2bb bf552dc6 3ef4a5da bf65914f 3efaf1bd bf49d903 3eea0892 bf0e5caf 3ed9184c be8f73d0 3ecd6156 bd50cb76 3eb1dae4 3d6c37f5 3e9dabca 3c25f302 3e8119e1 be38caaf 3e4d4c01 bee9a30d 3e294651 bf3b93fe 3dfddb41 bf6c7d9d 3dcf1bd9 bf77e6b8 3d5b88f7 bf5913b9 3cb7e173 bf175ce2 bdc2e799 be873746 be383c1a 3d53c722 be609a4c 3e91226d be8f0433 3ec71fbb bea85e65 3ebbcdcb beb94eac 3e82168f bebfa8c6 3de36d6d bea526ae 27978f88 be9fdf28 bd115f14 be965470 3c84f891 be8ddc4e 3e08542b be85642b 3e89cb91 be79d80e 3ebe1bfc be408996 3ecc06a3 be31be74 3eab6e2b be0fdde6 3e46afe4 be0bbe44 3c5a7852 bdb608be be240d59 bd7e1420 be926381 3b106503 beaf57b6 3c8865ae beaaa98c 3ced9597 be90fda5 3ccb434c be68a4f1 3c6e7912 be49eb54 3d071076 be571a13 bc272a0b be864914 3b0cd716 beaa1a59 3b09492a bec74672 bc878233 becf8829 bced23da bebb6bc2 bd4b7c2c be8cf8de bda1070c be1d9987 bdcfaa06 bd00f404 be187279 3d82f0ae be2fc3f8 3decd476 be36252c 3dfc3bee be471574 3dceca08 be1a8967 3d92c8fa be165b8d 3d674a28 be1aa5d6 3d886c40 be10088e 3dcaeb8a be034621 3e0d4881 bdf59bfd 3e24d6cf bde8f5ff 3e17e59a bdc2cb29 3db9fab5 bdadad09 bbd15da7 bd8bcc7c be0017a8 bd6d5cb9 be7639f2 bced23da bea8c00c bc069eb8 bec220ff 3c09492a bec73d0f bcba1a27 bebe269c bcdbfab4 beaffb27 bd750dd0 bea4c9c3 bd4b434c bea00f3c bda0ce2d be9f3007 bd9016c6 be9a8f7b bdc74e54 be88dd5a bde50104 be46a5c9 be230fc1 bda4dc09 be1ccafa 3d75ee9a be44f04e 3e4f7145 be68d98f 3ea26fd0 be47073c 3ec1c56f be2d9ed1 3ebeb938 be2b87e4 3e9a3fd3 be121143 3e38ca26 be09a758 3d0949c7 bdbe80e1 bdee6444 bd7546ae be8197d4 bd4b0a6e bebd80d9 bd074954 beefe45a bc871076 bf0d1efe bcbbe11e bf1dc86e bd20ce2d bf2728bf bd3a5306 bf24724b bd7e1420 bf107867 bdadad0b bed083e0 bde4e496 be362c0c be2b961d 3dbf34a6 be66c2a2 3eb5d8c5 be844a7c 3f0bce2c be692edf 3f1c93a0 be53bb6f 3f058f78 be47073c 3e91363f be3616f4 bd63f548 be164d55 bed65f9e bded076a bf37a542 bdcb434c bf608bba bd940bc1 bf5be24f bdcb26dd bf2be0ca bde0616e bebd2c2a be121143 bd1fd769 be382de0 3e696036 be4d5a39 3eb839e1 be4b5fbc 3ea7107f be3c782b 3e157c0f be2b79ad bdf6b801 be2b87e4 bec7ab77 be187279 bf154052 be1cbcc3 bf25c5d4 be1cbcc3 bf12dd3d be275a0b bec9fcd1 be3c782b be319447 be341c77 3c8f0efc be5a1ca7 3df70894 be6294ca 3de27261 be6f48fe a673c5c1 be4b3515 be2ac699 be4d6871 bea91df8 be42cb29 bedf7d5d be22f351 bee87c3e be5e3c47 bec4438a be4fb83d be81f7fe be6f2c8f bde63a2c be606fa4 bbc2099b be6afeb5 3d0e37a1 be4097cd 3b867e27 be4faa06 bd9ed9f6 be42bcf1 be317253 be31ccab be7949e4 be451af5 be85224b be33e398 be5d13b9 be3a7dae be011969 be2d909b bcac1922 be3a6f76 3d85d77b be22f351 3ddd6cd6 be2962bf 3dccf9ef be3a613e 3d5b2c5c be0ba1d6 bbae68a7 be143668 bd3de6b3 bded076a bd4067df bddc3394 392e1723 bd98399a 3dae7993 bda0ce2d 3e3e19aa bd7ddb40 3e8d13ca bd8ffa56 3eabb664 bd8370c9 3eb7ed3b bd4b7c2c 3eb68014 bbca5fd1 3eb1d8ef 3b05bb3c 3eb5ba61 3d42e799 3eca88c3 3dc74e54 3ef1f37e 3db5ec4e 3f131dc4 3e2dbb40 3f2e2786 3e492c60 3f43ef07 3e75aa35 3f4fe8b2 3e856b47 3f50b801 3e9a979e 3f488474 3eb1e91b 3f3bf839 3ec820e9 3f3053c3 3ede5fd4 3f295a5e 3eee366d 3f27e7ee 3f02c3f4 3f29bbf9 3f0b3c18 3f2a8c19 3f132af2 3f25efb0 3f1b1d59 3f19616f 3f1e46d9 3f05895d 3f1f4ec1 3edc90a9 3f2962bf 3eb2f06d 3f2e281b 3e99a868 3f28d5e9 3e97a288 3f2e281b 3eac6d2d 3f26c28a 3ecffce6 3f2391ef 3ef5176b 3f1fdb98 3f06bf66 3f1b9f86 3f072667 3f18fbc2 3ef2e2a1 3f14bfb1 3ebd675b 3f12185f 3e69977b 3f0ccd49 3d852d1f 3f0aaf40 bddc0128 3f0807ee be91eb3b 3f001914 bef08581 3ef04d59 bf2a10d8 3ee5b011 bf5d2ebc 3ec9170c bf868366 3ea63225 bf98b2eb 3e8555f2 bfa00000 3e1cae8c bf97ba8a 3d985609 bf7aed21 bca9d47d bf2504be bdfe3090 be6341c1 be79e646 3e5ee5d8 bea752ef 3f17c9ca bed4d51c 3f552dc6 bee8fd1b 3f65914f bef7c83e 3f49d903 bee5be49 3f0e5caf bee29be4 3e8f73d0 becc55de 3d50cb76 bebb6cb5 bd6c37f5 be987279 bc25f302 be68cb5a 3e38caaf be4b3515 3ee9a30d be22f351 3f3b93fe bdf5631d 3f6c7d9d bda0b1bf 3f77e6b8 bcebce9f 3f5913b9 3cbb6f61 3f175ce2 3dade5e8 3e873746 3e1ef020 bd53c722 3e6f656d be91226d 3e94449f bec71fbb 3eab8f01 bebbcdcb 3eb84334 be82168f 3eb62c48 bde36d6d 3eab8f01 a5d4b77b 3e9a9ebb 3d115f14 3e965b8d bc84f891 3e8ee7c4 be08542b 3e845198 be89cb91 3e7151b4 bebe1bfc 3e3c782b becc06a3 3e31ccab beab6e2b 3e0dd532 be46afe4 3e01048d bc5a7852 3dcad18e 3e240d59 3d423cfb 3e926381 3bc898da 3eaf57b6 bc4d0a42 3eaaa98c bd323030 3e90fda5 bd942830 3e68a4f1 bc28f103 3e49eb54 bc98ab58 3e571a13 bc87f3f0 3e864914 3bcc26c8 3eaa1a59 bb89492a 3ec74672 3c878233 3ecf8829 3d21070c 3ebb6bc2 3d6d23da 3e8cf8de 3da534e6 3e1d9987 3dd3bb6f 3d00f404 3e0de36a bd82f0ae 3e2dad09 bdecd476 3e383c18 bdfc3bee 3e40b43d bdceca08 3e275a0b bd92c8fa 3e2fb5bd bd674a28 3e0df1a1 bd886c40 3e121f7b bdcaeb8a 3e164d55 be0d4881 3e0dd532 be24d6cf 3de4abb6 be17e59a 3dbe9d4f bdb9fab5 3d987279 3bd15da7 3d5c3394 3e0017a8 3d187279 3e7639f2 3c6d9597 3ea8c00c 3b878233 3ec220ff bb878233 3ec73d0f 3ca962bf 3ebe269c 3ccb434c 3eaffb27 3d3a8be4 3ea4c9c3 3d4b434c 3ea00f3c 3d757f8d 3e9f3007 3da51876 3e9a8f7b 3dcf7125 3e88dd5a 3e056b47 3e46a5c9 3e142831 3da4dc09 3e51c0f3 bd75ee9a 3e55eecd be4f7145 3e53bb6f bea26fd0 3e383c1a bec1c56f 3e2b87e5 bebeb938 3e1ee1e8 be9a3fd3 3e1ec578 be38ca26 3e099920 bd0949c7 3dd3bb6f 3dee6444 3d9ca054 3e8197d4 3d7546b0 3ebd80d9 3d0fdde6 3eefe45a 3d39a868 3f0d1efe 3cca5fd1 3f1dc86e 3d4bb50a 3f2728bf 3d21070c 3f24724b 3d5c3394 3f107867 3da97f2f 3ed083e0 3de4c826 3e362c0c 3e20f8d5 bdbf34a6 3e492c60 beb5d8c5 3e6b1b25 bf0bce2c 3e75aa35 bf1c93a0 3e51c0f3 bf058f78 3e471574 be91363f 3e40a605 3d63f548 3e1cae8c 3ed65f9e 3e0dc6fa 3f37a542 3dbe80e1 3f608bba 3da51878 3f5be24f 3da51876 3f2be0ca 3dc6f904 3ebd2c2a 3e0120fd 3d1fd769 3e1ec578 be696036 3e3e8f19 beb839e1 3e5e66ef bea7107f 3e3eab87 be157c0f 3e383c1a 3df6b801 3e2534e5 3ec7ab77 3e230fc1 3f154052 3e23018a 3f25c5d4 3e383c18 3f12dd3d 3e2b79ad 3ec9fcd1 3e1a6cf7 3e319447 3e31be74 bc8f0efc 3e6b1b25 bdf70894 3e802ada bde27261 3e605334 a7a2fb0d 3e4f8d95 3e2ac699 3e384a50 3ea91df8 3e46dc94 3edf7d5d 3e31f753 3ee87c3e 3e471574 3ec4438a 3e51a484 3e81f7fe 3e607ddc 3de63a2c 3e6294c8 3bc2099b 3e606fa4 bd0e37a1 3e6b0ced bb867e27 3e51a483 3d9ed9f6 3e3a613e 3e317253 3e36252c 3e7949e4 3e3616f4 3e85224b 3e3a44ce 3e5d13b9 3e382de0 3e011969 3e274bd3 3cac1922 3e42cb29 bd85d77b 3e2970f8 bddd6cd6 3e1ed3b1 bdccf9ef 3e165b8d bd5b2c5c 3e121f7b 3bae68a7 3e078233 3d3de6b3 3e055d0f 3d4067df 3ded076a b92e1723 3dcb434c bdae7993 3da962bf be3e19aa 3dad742b be8d13ca 3d4b434c beabb664 3d539f01 beb7ed3b 3cecb21b beb68014 bcca5fd1 beb1d8ef bd20954e beb5ba61 bd53d7e0 beca88c3 bd988ee9 bef1f37e bdfe1420 bf131dc4 be273d9b bf2e2786 be40b43d bf43ef07 be5805b9 bf4fe8b2 be7e2257 bf50b801 be955016 bf488474 beac9a78 bf3bf839 bec92542 bf3053c3 bedc3aaf bf295a5e bef59bfd bf27e7ee beff2dcd bf29bbf9 bf0c478e bf2a8c19 bf119632 bf25efb0 bf17f04b bf19616f bf1fdf26 bf05895d bf25aff9 bedc90a9 bf2afb0d beb2f06d bf2e2819 be99a868 bf30cbde be97a288 bf29fdcf beac6d2d bf2391ee becffce6 bf1fdb98 bef5176b bf1dbd90 bf06bf66 bf1b9f86 bf072667 bf1432da bef2e2a1 bf1214d2 bebd675b bf0ffa56 be69977b bf0c4400 bd852d1f bf0b34fb 3ddc0128 bf078233 3e91eb3b bef9c9d5 3ef08581 beee2f4f 3f2a10d8 bedc3394 3f5d2ebc becf8d96 3f868366 beafc3f5 3f98b2eb be866fa1 3fa00000 be3616f4 3f97ba8a bdc2cb29 3f7aed21 3ccc26c8 3f2504be 3e0370c9 3e6341c1 3e5813f1 be5ee5d8 3ea53c02 bf17c9ca 3ecf8d96 bf552dc6 3ef5b150 bf65914f 3efd16e0 bf49d903 3eea0892 bf0e5caf 3edf6b4a be8f73d0 3eca37d6 bd50cb76 3eb2e65b 3d6c37f5 3e9b94dd 3c25f302 3e77b2ea be38caaf 3e539f01 bee9a30d 3e294651 bf3b93fe 3e0329b3 bf6c7d9d 3dcaee00 bf77e6b8 3d871076 bf5913b9 3cc898da bf175ce2 bdd3d7e0 be873746 be3c782b 3d53c722 be6b295d 3e91226d be900fa9 3ec71fbb beadad0b 3ebbcdcb beb94eac 3e82168f bebb6cb5 3de36d6d bea308a5 27978f88 bea30fc1 bd115f14 be99850b 3c84f891 be8bb729 3e08542b be82338f 3e89cb91 be79d80e 3ebe1bfc be4b26dd 3ecc06a3 be3a44ce 3eab6e2b be186442 3e46afe4 be0120fd 3c5a7852 bdbe80e1 be240d59 bd648f47 be926381 3c4ed13a beaf57b6 3ccc9886 beaaa98c 3d435956 be90fda5 3d0fa508 be68a4f1 3c4d0a42 be49eb54 3cec405d be571a13 bb022d4f be864914 3c29d47d beaa1a59 bb85bb3c bec74672 bc6d9597 becf8829 bd078233 bebb6bc2 bd432079 be8cf8de bd838d38 be1d9987 bdd3f44f bd00f404 be2962bf 3d82f0ae be2b961d 3decd476 be3e9d4f 3dfc3bee be4d6872 3dceca08 be23018a 3d92c8fa be1cae8c 3d674a28 be1cae8c 3d886c40 be143668 3dcaeb8a be078233 3e0d4881 be012f35 3e24d6cf bdf16e24 3e17e59a bdc2cb29 3db9fab5 bda0ea9d bbd15da7 bd878233 be0017a8 bd3a5306 be7639f2 bbc898da bea8c00c bc4b434c bec220ff 3b89492a bec73d0f bccad18e bebe269c bcfddb41 beaffb27 bd20ce2d bea4c9c3 bd648f47 bea00f3c bd7e4cfd be9f3007 bdc2cb29 be9a8f7b bdfe1420 be88dd5a bdf1a702 be46a5c9 be0be8ec bda4dc09 be4d5a39 3d75ee9a be40c275 3e4f7145 be55e094 3ea26fd0 be31ccab 3ec1c56f be2962bf 3ebeb938 be2526ae 3e9a3fd3 be20f8d5 3e38ca26 bdd38291 3d0949c7 bdba3697 bdee6444 bd942831 be8197d4 bd7e1420 bebd80d9 bd0fdde6 beefe45a bc98399a bf0d1efe bcee0755 bf1dc86e bd2962bf bf2728bf bd4b434c bf24724b bd8ffa56 bf107867 bda97f30 bed083e0 be078233 be362c0c be231df8 3dbf34a6 be55e094 3eb5d8c5 be759bfd 3f0bce2c be79e646 3f1c93a0 be606fa4 3f058f78 be4d6871 3e91363f be383c18 bd63f548 be143668 bed65f9e bde48f47 bf37a542 bdad909b bf608bba bd98560a bf5be24f bdc6f904 bf2be0ca bddc3394 bebd2c2a be09a758 bd1fd769 be2534e5 3e696036 be5a0035 3eb839e1 be628690 3ea7107f be2d909b 3e157c0f be40c275 bdf6b801 be274bd3 bec7ab77 be2dbb40 bf154052 be0bbe44 bf25c5d4 be33f1d0 bf12dd3d be2fc3f8 bec9fcd1 be3a5306 be319447 be42d961 3c8f0efc be4f8d95 3df70894 be79c9d8 3de27261 be44f04e a673c5c1 be471574 be2ac699 be3c782b bea91df8 be2d9ed1 bedf7d5d be55d25c bee87c3e be40ed1b bec4438a be44fe86 be81f7fe be4d6872 bde63a2c be42e799 bbc2099b be66d0dd 3d0e37a1 be6294ca 3b867e27 be44d3de bd9ed9f6 be3e80e1 be317253 be44e216 be7949e4 be3a44ce be85224b be40d0ab be5d13b9 be2fa785 be011969 be3eab86 bcac1922 be3608be 3d85d77b be3c782b 3ddd6cd6 be3c782b 3dccf9ef be1ca054 3d5b2c5c bde439fa bbae68a7 be121143 bd3de6b3 be034621 bd4067df bded23da 392e1723 bda929e1 3dae7993 bda962bf 3e3e19aa bd8765c3 3e8d13ca bd9cbcc3 3eabb664 bd879ea3 3eb7ed3b bd5410bf 3eb68014 bccbb50a 3eb1d8ef 3bca5fd1 3eb5ba61 3d64c826 3eca88c3 3dcfc675 3ef1f37e 3dfe3090 3f131dc4 3e1a979e 3f2e2786 3e42d961 3f43ef07 3e75b86d 3f4fe8b2 3e85642b 3f50b801 3e99850b 3f488474 3eb40724 3f3bf839 3eca3ef2 3f3053c3 3edb2f37 3f295a5e 3ee8e7c9 3f27e7ee 3f01b4ef 3f29bbf9 3f0c4b1b 3f2a8c19 3f1192a4 3f25efb0 3f18fbc2 3f19616f 3f1e46d9 3f05895d 3f206154 3edc90a9 3f2853bc 3eb2f06d 3f2f371d 3e99a868 3f32642e 3e97a288 3f2d0e6d 3eac6d2d 3f285749 3ecffce6 3f2282ea 3ef5176b 3f1f55dd 3f06bf66 3f1b19cc 3f072667 3f18f835 3ef2e2a1 3f13b0ad 3ebd675b 3f10839f 3e69977b 3f0e6596 3d852d1f 3f0b34fb bddc0128 3f0916f3 be91eb3b 3eff26b0 bef08581 3ef15fea bf2a10d8 3edf5d12 bf5d2ebc 3ec91e28 bf868366 3eb92b22 bf98b2eb 3e899204 bfa00000 3e1cae8c bf97ba8a 3d985609 bf7aed21 bcdc6c72 bf2504be be0bbe44 be6341c1 be6f5737 3e5ee5d8 beb1dae4 3f17c9ca bed4d51c 3f552dc6 bee5cc81 3f65914f befaf1bd 3f49d903 bee9fa5b 3f0e5caf bedf6b4a 3e8f73d0 bec819ce 3d50cb76 beb50b7e bd6c37f5 be965470 bc25f302 be758dc5 3e38caaf be46f904 3ee9a30d be273d9b 3f3b93fe be0112c5 3f6c7d9d bda929e1 3f77e6b8 bd28f103 3f5913b9 3cbb6f61 3f175ce2 3dade5e8 3e873746 3e188ee9 bd53c722 3e6f656d be91226d 3e911b20 bec71fbb 3ea970f8 bebbcdcb 3eb40724 be82168f 3eb40008 bde36d6d 3eada5ed a5d4b77b 3e9bb14d 3d115f14 3e9ecc95 bc84f891 3e8ffa56 be08542b 3e866fa1 be89cb91 3e6f3ac7 bebe1bfc 3e3a613e becc06a3 3e31dae4 beab6e2b 3e0de368 be46afe4 3e0329b3 bc5a7852 3dbe4801 3e240d59 3d9800bd 3e926381 b8637b5c 3eaf57b6 3af622e8 3eaaa98c bd07f3f0 3e90fda5 bd5c3394 3e68a4f1 bd213fea 3e49eb54 bd07bb12 3e571a13 bca962bf 3e864914 bbca5fd1 3eaa1a59 bb878233 3ec74672 3c878233 3ecf8829 3d1016c6 3ebb6bc2 3d6d5cb9 3e8cf8de 3dadc978 3e1d9987 3ddc5002 3d00f404 3e0bcc7c bd82f0ae 3e2dad09 bdecd476 3e3c782b bdfc3bee 3e42d961 bdceca08 3e2534e5 bd92c8fa 3e3c5bbb bd674a28 3e122db3 bd886c40 3e121f7b bdcaeb8a 3e121f7b be0d4881 3e012f35 be24d6cf 3de8f5ff be17e59a 3dadad0b bdb9fab5 3d8bcc7c 3bd15da7 3d648f47 3e0017a8 3cfe4cfd 3e7639f2 3cba1a27 3ea8c00c 3c28f102 3ec220ff 3bc898da 3ec73d0f 3c871076 3ebe269c 3cba1a27 3eaffb27 3d3a8be4 3ea4c9c3 3d5c6c72 3ea00f3c 3d757f8d 3e9f3007 3da0ea9d 3e9a8f7b 3de07ddc 3e88dd5a 3e10088e 3e46a5c9 3e31e91b 3da4dc09 3e44fe86 bd75ee9a 3e47073c be4f7145 3e4b434c bea26fd0 3e232c30 bec1c56f 3e3c22dd bebeb938 3e1ee1e8 be9a3fd3 3e1cae8c be38ca26 3dfe3090 bd0949c7 3dc2cb29 3dee6444 3d9ca054 3e8197d4 3d8b939e 3ebd80d9 3d318594 3eefe45a 3bcc26c8 3f0d1efe 3c4a5fd1 3f1dc86e 3d078233 3f2728bf 3d187279 3f24724b 3d8bcc7c 3f107867 3db1dae4 3ed083e0 3dfe3090 3e362c0c 3e2b961c bdbf34a6 3e55eecd beb5d8c5 3e6d3212 bf0bce2c 3e79e646 bf1c93a0 3e55fd03 bf058f78 3e492c60 be91363f 3e3616f4 3d63f548 3e251878 3ed65f9e 3df9c9d8 3f37a542 3de044fc 3f608bba 3dad742b 3f5be24f 3da0ce2d 3f2be0ca 3de07ddc 3ebd2c2a 3e07906b 3d1fd769 3e3c949b be696036 3e471574 beb839e1 3e64c826 bea7107f 3e40a605 be157c0f 3e3e80e1 3df6b801 3e35fa86 3ec7ab77 3e164d55 3f154052 3e1ca054 3f25c5d4 3e20f8d5 3f12dd3d 3e2970f8 3ec9fcd1 3e4723aa 3e319447 3e5805b9 bc8f0efc 3e44e216 bdf70894 3e5a1ca4 bde27261 3e4f62ee a7a2fb0d 3e36252c 3e2ac699 3e2970f8 3ea91df8 3e3e6471 3edf7d5d 3e275a0b 3ee87c3e 3e492c60 3ec4438a 3e55e094 3e81f7fe 3e57f780 3de63a2c 3e5c3394 3bc2099b 3e66d0da bd0e37a1 3e55b5ec bb867e27 3e44fe86 3d9ed9f6 3e4f8d96 3e317253 3e2dbb40 3e7949e4 3e446221 3e85224b 3e2dad0b 3e5d13b9 3e44fe86 3e011969 3e408996 3cac1922 3e1ef01e bd85d77b 3e33f1d0 bddd6cd6 3e232c30 bdccf9ef 3e1ab40e bd5b2c5c 3e1677fd 3bae68a7 3e121f7b 3d3de6b3 3e012f35 3d4067df 3de07ddc b92e1723 3dadc978 bdae7993 3da1070c be3e19aa 3da0ea9d be8d13ca 3d942830 beabb664 3da0b1bd beb7ed3b 3cdc6c72 beb68014 3bca5fd1 beb1d8ef bcdbfab4 beb5ba61 bd5c3394 beca88c3 bdba5306 bef1f37e be055d0f bf131dc4 be1aa5d6 bf2e2786 be40b43d bf43ef07 be5a2add bf4fe8b2 be834d3d bf50b801 be99850b bf488474 bea85e65 bf3bf839 bebe9d4f bf3053c3 bed2be30 bf295a5e bef2727d bf27e7ee befc044d bf29bbf9 bf0eeb52 bf2a8c19 bf13b43b bf25efb0 bf1b19cc bf19616f bf2173e6 bf05895d bf27ce01 bedc90a9 bf2afb0d beb2f06d bf2e2819 be99a868 bf304623 be97a288 bf30cbde beac6d2d bf230518 becffce6 bf21f9a1 bef5176b bf1f55de bf06bf66 bf17e931 bf072667 bf187608 bef2e2a1 bf12185f bebd675b bf132af2 be69977b bf110ce9 bd852d1f bf0a2986 3ddc0128 bf06fc78 3e91eb3b bef6a058 3ef08581 beec1147 3f2a10d8 bed7f067 3f5d2ebc becd6871 3f868366 beb0d688 3f98b2eb be82338f 3fa00000 be2b6b77 3f97ba8a bd8fc177 3f7aed21 3c0865ae 3f2504be 3dfe696d 3e6341c1 3e64d65c be5ee5d8 3e9cb5a6 bf17c9ca 3ebe8f19 bf552dc6 3ef287d1 bf65914f 3efc044f bf49d903 3eed392d bf0e5caf 3ee18952 be8f73d0 3ece73e9 bd50cb76 3eb3f8eb 3d6c37f5 3e975fe7 3c25f302 3e79c9d8 be38caaf 3e518814 bee9a30d 3e2d8261 bf3b93fe 3e05409f bf6c7d9d 3dc275db bf77e6b8 3d871076 bf5913b9 3c47b55e bf175ce2 bdd805b9 be873746 be2b961d 3d53c722 be64d65c 3e91226d be8df1a1 3ec71fbb beab8f01 3ebbcdcb beb737c0 3e82168f bebc7f47 3de36d6d bea1f612 27978f88 bea0f1b9 bd115f14 be99850b 3c84f891 be8bb729 3e08542b be845198 3e89cb91 be79d80e 3ebe1bfc be4d4c01 3ecc06a3 be35fa86 3eab6e2b be23018a 3e46afe4 bdf9c9d5 3c5a7852 bdbe80e1 be240d59 bd648f47 be926381 3c2c7ef0 beaf57b6 3caa463b beaaa98c 3d29d47d be90fda5 3cecb21b be68a4f1 3c2b9b74 be49eb54 3cdb1738 be571a13 3b8b1021 be864914 3c6d9597 beaa1a59 3b09492a bec74672 bc98399a becf8829 bced23da bebb6bc2 bd8337ea be8cf8de bd94610f be1d9987 bdcfaa06 bd00f404 be165b8d 3d82f0ae be3616f4 3decd476 be3c8663 3dfc3bee be4b434c 3dceca08 be2526ae 3d92c8fa be165b8d 3d674a28 be143668 3d886c40 be1880b1 3dcaeb8a be09a758 3e0d4881 bdf59bfd 3e24d6cf bde8f5ff 3e17e59a bdc2cb29 3db9fab5 bdba6f76 bbd15da7 bd5c3394 be0017a8 bd3a5306 be7639f2 bc069eb8 bea8c00c bd07bb12 bec220ff 3bcdedbe bec73d0f bcecb21b bebe269c bced23da beaffb27 bd536621 bea4c9c3 bd539f01 bea00f3c bda0ce2d be9f3007 bda1070c be9a8f7b bdade5e8 be88dd5a bded5cb9 be46a5c9 be1cbcc3 bda4dc09 be189d21 3d75ee9a be471574 3e4f7145 be5805b9 3ea26fd0 be3e8f19 3ec1c56f be4f9bcd 3ebeb938 be40c275 3e9a3fd3 be142831 3e38ca26 be0120fd 3d0949c7 bdba3697 bdee6444 bda51876 be8197d4 bd3a1a27 bebd80d9 bcca5fd1 beefe45a bca8f103 bf0d1efe bcaa463b bf1dc86e bd318594 bf2728bf bd20ce2d bf24724b bd8b939e bf107867 bda962bf bed083e0 bdcfaa06 be362c0c be3e80e1 3dbf34a6 be5a0e6c 3eb5d8c5 be66d0dd 3f0bce2c be716e24 3f1c93a0 be57f780 3f058f78 be47073c 3e91363f be3616f4 bd63f548 be143668 bed65f9e bdf16e24 bf37a542 bdad909b bf608bba bd942831 bf5be24f bdb1dae4 bf2be0ca bdd805b9 bebd2c2a be0de368 bd1fd769 be42bcf1 3e696036 be4f7f5e 3eb839e1 be6afeb5 3ea7107f be4723aa 3e157c0f be384a53 bdf6b801 be274bd3 bec7ab77 be121143 bf154052 be09a758 bf25c5d4 be230fc1 bf12dd3d be36252c bec9fcd1 be44f04e be319447 be3eab87 3c8f0efc be55e094 3df70894 be64b9ef 3de27261 be4d6871 a673c5c1 be4b5185 be2ac699 be492c60 bea91df8 be2fb5c0 bedf7d5d be4b434c bee87c3e be628690 bec4438a be5a0e6c be81f7fe be60616e bde63a2c be5a1ca7 bbc2099b be66c2a2 3d0e37a1 be51dd61 3b867e27 be382de3 bd9ed9f6 be3c69f3 be317253 be3616f4 be7949e4 be2d9ed1 be85224b be2fb5c0 be5d13b9 be4b434c be011969 be2b79ad bcac1922 be3c782b 3d85d77b be44fe86 3ddd6cd6 be163f1e 3dccf9ef be274bd3 3d5b2c5c be231dfa bbae68a7 be09a758 bd3de6b3 bdf151b4 bd4067df bdcb434c 392e1723 bd8b772f 3dae7993 bd98560a 3e3e19aa bd7ddb40 3e8d13ca bd8bcc7c 3eabb664 bd75f14a 3eb7ed3b bd4b7c2c 3eb68014 bca9d47d 3eb1d8ef 3c6d9597 3eb5ba61 3d42e799 3eca88c3 3dade5e8 3ef1f37e 3e09c3c7 3f131dc4 3e1a979e 3f2e2786 3e33f1d0 3f43ef07 3e75b86d 3f4fe8b2 3e8458b4 3f50b801 3e9baa31 3f488474 3eb6252e 3f3bf839 3ec4f04e 3f3053c3 3ed7f780 3f295a5e 3eed2af5 3f27e7ee 3f023aab 3f29bbf9 3f0bc1d2 3f2a8c19 3f13b43b 3f25efb0 3f1a0e55 3f19616f 3f1e46d9 3f05895d 3f21f9a1 3edc90a9 3f2e2f37 3eb2f06d 3f2c8fcd 3e99a868 3f2c8fcd 3e97a288 3f2d1917 3eac6d2d 3f252a3d 3ecffce6 3f2064e2 3ef5176b 3f1ecc95 3f06bf66 3f1b9f86 3f072667 3f16da2b 3ef2e2a1 3f1432da 3ebd675b 3f1323d6 3e69977b 3f0ee7c4 3d852d1f 3f0aabb3 bddc0128 3f06f8ea be91eb3b 3efaeaa1 bef08581 3eef41e2 bf2a10d8 3ee28690 bf5d2ebc 3ec80b96 bf868366 3ea0ea9d bf98b2eb 3e899204 bfa00000 3e273d9b bf97ba8a 3d8fdde6 bf7aed21 bc991d16 bf2504be be056b46 be6341c1 be6b1b25 3e5ee5d8 beab80c8 3f17c9ca becb5185 3f552dc6 bee2a302 3f65914f bef8d3b5 3f49d903 bee7dc53 3f0e5caf bedf6b4a 3e8f73d0 becb4a66 3d50cb76 beb61e10 bd6c37f5 be9541de bc25f302 be6f2c8f 3e38caaf be4b3515 3ee9a30d be2b6b77 3f3b93fe bdf990f8 3f6c7d9d bda0b1bf 3f77e6b8 bd071076 3f5913b9 3c998ed3 3f175ce2 3da9b80d 3e873746 3e211544 bd53c722 3e6d4e7f be91226d 3e94449f bec71fbb 3ea970f8 bebbcdcb 3eb5129b be82168f 3eb2fbae bde36d6d 3ea752ef a5d4b77b 3e97753b 3d115f14 3e9548fa bc84f891 3e8ddc4e be08542b 3e845198 be89cb91 3e6f2c8f bebe1bfc 3e383c1a becc06a3 3e33f1d0 beab6e2b 3e121143 be46afe4 3e05409f bc5a7852 3dc275db 3e240d59 3d871076 3e926381 3c97561f 3eaf57b6 3c85bb3c 3eaaa98c bc998ed4 3e90fda5 bd53d7e0 3e68a4f1 bd104fa5 3e49eb54 bd435956 3e571a13 bca962bf 3e864914 bb05bb3c 3eaa1a59 bc29d47d 3ec74672 3c6d9597 3ecf8829 3d299b9f 3ebb6bc2 3d650104 3e8cf8de 3da1070c 3e1d9987 3dcf8d96 3d00f404 3e0bdab4 bd82f0ae 3e2b961c bdecd476 3e384a53 bdfc3bee 3e3e9d51 bdceca08 3e25431e bd92c8fa 3e2fd22d bd674a28 3e0dffd9 bd886c40 3dfa1f25 bdcaeb8a 3e1ca054 be0d4881 3e055d0f be24d6cf 3de8d98f be17e59a 3db6252c bdb9fab5 3da0ea9d 3bd15da7 3d757f8d 3e0017a8 3d20ce2d 3e7639f2 3ced23da 3ea8c00c 3c078233 3ec220ff 3b878233 3ec73d0f 3c871076 3ebe269c 3cecb21b 3eaffb27 3d42e799 3ea4c9c3 3d6d23da 3ea00f3c 3d6cb21b 3e9f3007 3da51876 3e9a8f7b 3dd3bb6f 3e88dd5a 3e121f7b 3e46a5c9 3e340e40 3da4dc09 3e471574 bd75ee9a 3e4d6871 be4f7145 3e5805b9 bea26fd0 3e231df8 bec1c56f 3e1669c5 bebeb938 3e1a979f be9a3fd3 3e1a8966 be38ca26 3e0773fc bd0949c7 3dd39f01 3dee6444 3d942830 3e8197d4 3d7546b0 3ebd80d9 3d0fa508 3eefe45a 3cdb88f7 3f0d1efe 3cb9a868 3f1dc86e 3d5c6c72 3f2728bf 3d3a5306 3f24724b 3d4275db 3f107867 3db1dae4 3ed083e0 3dfe3090 3e362c0c 3e2534e6 bdbf34a6 3e4f8d96 beb5d8c5 3e66df12 bf0bce2c 3e79e646 bf1c93a0 3e51c0f3 bf058f78 3e51a483 be91363f 3e40a605 3d63f548 3e164d55 3ed65f9e 3e0ba1d6 3f37a542 3dbe80e1 3f608bba 3da51878 3f5be24f 3da51876 3f2be0ca 3dc6f904 3ebd2c2a 3dfe1420 3d1fd769 3e230fc1 be696036 3e493a98 beb839e1 3e51a484 bea7107f 3e3a6f76 be157c0f 3e384a50 3df6b801 3e3c69f3 3ec7ab77 3e20f8d4 3f154052 3e036291 3f25c5d4 3e0fec1f 3f12dd3d 3e2b79ad 3ec9fcd1 3e3e8f19 3e319447 3e4f7f5e bc8f0efc 3e46eacd bdf70894 3e739348 bde27261 3e645667 a7a2fb0d 3e3a7dae 3e2ac699 3e53bb6f 3ea91df8 3e40d0ab 3edf7d5d 3e4901b9 3ee87c3e 3e4d6871 3ec4438a 3e5e66ef 3e81f7fe 3e5e66ef 3de63a2c 3e607ddc 3bc2099b 3e64b9ec bd0e37a1 3e55c425 bb867e27 3e42e799 3d9ed9f6 3e4d2f92 3e317253 3e2dc978 3e7949e4 3e42bcf1 3e85224b 3e2ba453 3e5d13b9 3e3a3698 3e011969 3e297f30 3cac1922 3e35fa86 bd85d77b 3e2b961d bddd6cd6 3e2534e5 bdccf9ef 3e1ee1e8 bd5b2c5c 3e122db3 3bae68a7 3e012f35 3d3de6b3 3e078233 3d4067df 3de07ddc b92e1723 3dba6f76 bdae7993 3da962bf be3e19aa 3da962bf be8d13ca 3d985609 beabb664 3d9c6774 beb7ed3b 3ced23da beb68014 3c28f102 beb1d8ef bd0fdde6 beb5ba61 bd53d7e0 beca88c3 bde48f47 bef1f37e be0ffa56 bf131dc4 be1669c5 bf2e2786 be3c8663 bf43ef07 be5a2add bf4fe8b2 be8241c7 bf50b801 be955016 bf488474 beada5ed bf3bf839 bec3e4d9 bf3053c3 bed0a028 bf295a5e bef59bfd bf27e7ee bef6bcc8 bf29bbf9 bf107c83 bf2a8c19 bf13b43b bf25efb0 bf1c28d1 bf19616f bf2308a5 bf05895d bf2391ef bedc90a9 bf2c0a13 beb2f06d bf2f3720 be99a868 bf2f3720 be97a288 bf2e2819 beac6d2d bf21f612 becffce6 bf241ec6 bef5176b bf1dbd90 bf06bf66 bf1b19ca bf072667 bf1214d2 bef2e2a1 bf154c89 bebd675b bf118f16 be69977b bf0f749b bd852d1f bf0bbab7 3ddc0128 bf06732f 3e91eb3b bef7abcd 3ef08581 bee8e0ad 3f2a10d8 bedc2c77 3f5d2ebc bed1ab9f 3f868366 beafc3f5 3f98b2eb be800e6b 3fa00000 be250a3f 3f97ba8a bda94651 3f7aed21 3ccc9886 3f2504be 3de92ede 3e6341c1 3e55eecd be5ee5d8 3eadb425 bf17c9ca 3ecd6f8c bf552dc6 3eef5737 bf65914f 3ef9e646 bf49d903 3ee5cc81 bf0e5caf 3edb281e be8f73d0 3eca37d6 bd50cb76 3eaeaa48 3d6c37f5 3e942f4b 3c25f302 3e758dc5 be38caaf 3e4b26dd bee9a30d 3e27212d bf3b93fe 3e096e79 bf6c7d9d 3dcf1bd9 bf77e6b8 3d871076 bf5913b9 3c264690 bf175ce2 bdcfaa06 be873746 be42cb29 3d53c722 be609a4c 3e91226d be8ce62b 3ec71fbb bea970f8 3ebbcdcb beb94eac 3e82168f bebb6cb5 3de36d6d bea0ea9d 27978f88 be9a979e bd115f14 be943d83 3c84f891 be8bc562 3e08542b be823aab 3e89cb91 be6d23da 3ebe1bfc be4d4c01 3ecc06a3 be382de3 3eab6e2b be186442 3e46afe4 bdf57f8d 3c5a7852 bdba5306 be240d59 bd4b0a6e be926381 3c89492a beaf57b6 3c4d0a42 beaaa98c 3d07f3f0 be90fda5 3ced23da be68a4f1 3caa463c be49eb54 3cfe4cfd be571a13 3b106505 be864914 3b89492a beaa1a59 bb05bb3c bec74672 bcba1a27 becf8829 bd187279 bebb6bc2 bd5c6c72 be8cf8de bd7ebebd be1d9987 be055d0f bd00f404 be079ea2 3d82f0ae be21070c 3decd476 be40c275 3dfc3bee be471574 3dceca08 be273d9b 3d92c8fa be20f8d5 3d674a28 be187279 3d886c40 be165b8d 3dcaeb8a be078233 3e0d4881 be012f35 3e24d6cf bded23da 3e17e59a bdc2cb29 3db9fab5 bda51876 bbd15da7 bd878233 be0017a8 bd3a5306 be7639f2 bc871076 bea8c00c 3b8b1020 bec220ff bc998ed4 bec73d0f bca962bf bebe269c bd078233 beaffb27 bd6cb21b bea4c9c3 bd648f47 bea00f3c bdad742b be9f3007 bda534e5 be9a8f7b bdcfaa06 be88dd5a bdf1a702 be46a5c9 be20f8d4 bda4dc09 be1ef01e 3d75ee9a be492c60 3e4f7145 be649d7e 3ea26fd0 be2b6b77 3ec1c56f be2962bf 3ebeb938 be31e91b 3e9a3fd3 be165b8d 3e38ca26 be0bcc7c 3d0949c7 bdcb434c bdee6444 bda534e6 be8197d4 bd42aeba bebd80d9 bcecb21b beefe45a bc6cb21b bf0d1efe bcdc6c72 bf1dc86e bd18399a bf2728bf bd31be73 bf24724b bd6d23da bf107867 bda962bf bed083e0 bded23da be362c0c be33f1d0 3dbf34a6 be57f780 3eb5d8c5 be801587 3f0bce2c be801ca2 3f1c93a0 be5a1ca4 3f058f78 be471574 3e91363f be2fc3f5 bd63f548 be121f7b bed65f9e bddc3394 bf37a542 bdb1dae4 bf608bba bd942831 bf5be24f bdc2cb29 bf2be0ca bde07ddc bebd2c2a be09a758 bd1fd769 be2d9ed1 3e696036 be51964c 3eb839e1 be51b2b9 3ea7107f be40b43d 3e157c0f be4723aa bdf6b801 be186442 bec7ab77 be054ed7 bf154052 be1efe56 bf25c5d4 be31dae4 bf12dd3d be274bd3 bec9fcd1 be3a5306 be319447 be2ba453 3c8f0efc be5c3394 3df70894 be64abb6 3de27261 be759bfd a673c5c1 be46f904 be2ac699 be42cb29 bea91df8 be471574 bedf7d5d be471574 bee87c3e be5e4a80 bec4438a be5e4a80 be81f7fe be51a483 bde63a2c be649d7e bbc2099b be5c3394 3d0e37a1 be64abb6 3b867e27 be33e398 bd9ed9f6 be49653e be317253 be2d909b be7949e4 be40dee5 be85224b be22f351 be5d13b9 be490ff0 be011969 be3a7dae bcac1922 be2526ae 3d85d77b be3a613e 3ddd6cd6 be11f4d5 3dccf9ef be2526ae 3d5b2c5c be121143 bbae68a7 be0337ea bd3de6b3 bdf57f8d bd4067df bddc3394 392e1723 bd93ef51 3dae7993 bda0ce2d 3e3e19aa bd7ddb40 3e8d13ca bd9cbcc3 3eabb664 bd879ea3 3eb7ed3b bd7e85dd 3eb68014 bc078233 3eb1d8ef bb0cd718 3eb5ba61 3d87bb12 3eca88c3 3db1f752 3ef1f37e 3dd3bb6f 3f131dc4 3e2ba454 3f2e2786 3e4d76a9 3f43ef07 3e6294c8 3f4fe8b2 3e812818 3f50b801 3e943668 3f488474 3eb1e200 3f3bf839 3ec9337c 3f3053c3 3ee07ddc 3f295a5e 3ef27999 3f27e7ee 3f023aab 3f29bbf9 3f0ab2cf 3f2a8c19 3f121bed 3f25efb0 3f18fbc2 3f19616f 3f1ed022 3f05895d 3f1ec905 3edc90a9 3f2e2ba9 3eb2f06d 3f2f371d 3e99a868 3f359856 3e97a288 3f2b79ac 3eac6d2d 3f24a0f3 3ecffce6 3f2173e6 3ef5176b 3f1e434b 3f06bf66 3f1a0ac6 3f072667 3f14bfb1 3ef2e2a1 3f132764 3ebd675b 3f108011 3e69977b 3f0ddc4e 3d852d1f 3f0d4f76 bddc0128 3f088da9 be91eb3b 3efe1420 bef08581 3eef41e2 bf2a10d8 3ee39207 bf5d2ebc 3ecb3515 bf868366 3ea8502f bf98b2eb 3e7beefb bfa00000 3e273d9b bf97ba8a 3da929e1 bf7aed21 bc4d0a42 bf2504be bddc88e2 be6341c1 be5e7527 3e5ee5d8 be9fed5e 3f17c9ca bed90a14 3f552dc6 beeb1407 3f65914f befbfd33 3f49d903 beeb05d1 3f0e5caf bedf642f 3e8f73d0 bed091f1 3d50cb76 bebc782b bd6c37f5 bea1fd30 bc25f302 be801587 3e38caaf be35de16 3ee9a30d be22f351 3f3b93fe be0329b1 3f6c7d9d bdad57bb 3f77e6b8 bd205c70 3f5913b9 3c88d76c 3f175ce2 3db23030 3e873746 3e211544 bd53c722 3e77ebc9 be91226d 3e955731 bec71fbb 3ea970f8 bebbcdcb 3eb5129b be82168f 3eb2fbae bde36d6d 3eaeb164 a5d4b77b 3e9cb5a9 3d115f14 3e8cd7f2 bc84f891 3e8ff33b be08542b 3e855d0f be89cb91 3e77a4b1 bebe1bfc 3e3c8663 becc06a3 3e2fb5bd beab6e2b 3e0dd532 be46afe4 3e0329b3 bc5a7852 3db5cfde 3e240d59 3d641d8a 3e926381 3ca87f44 3eaf57b6 3c47b55e 3eaaa98c bd07f3f0 3e90fda5 bd75b86d 3e68a4f1 bc6cb21b 3e49eb54 bd18e437 3e571a13 bc29d47d 3e864914 3b09492a 3eaa1a59 bb878233 3ec74672 3ca962bf 3ecf8829 3cfe4d00 3ebb6bc2 3d53d7df 3e8cf8de 3da97f2f 3e1d9987 3dd805b9 3d00f404 3e0df1a0 bd82f0ae 3e2b961c bdecd476 3e3a613e bdfc3bee 3e40b43d bdceca08 3e275a0b bd92c8fa 3e33f1d0 bd674a28 3e0df1a1 bd886c40 3e0bcc7c bdcaeb8a 3de0b6bc be0d4881 3e034621 be24d6cf 3ded23da be17e59a 3dc2cb29 bdb9fab5 3d987279 3bd15da7 3d8337ea 3e0017a8 3d31be73 3e7639f2 3cfddb41 3ea8c00c 3c4a5fd1 3ec220ff 00000000 3ec73d0f 3c98399a 3ebe269c 3cecb21b 3eaffb27 3d64c826 3ea4c9c3 3d5c3394 3ea00f3c 3d9cbcc3 3e9f3007 3d750dd0 3e9a8f7b 3dd3bb6f 3e88dd5a 3e10088e 3e46a5c9 3e340e40 3da4dc09 3e340008 bd75ee9a 3e5805b9 be4f7145 3e42bcf1 bea26fd0 3e31dae4 bec1c56f 3e1ee1e8 bebeb938 3e1aa5d6 be9a3fd3 3e20ea9d be38ca26 3e034621 bd0949c7 3dc2cb29 3dee6444 3d8ffa56 3e8197d4 3d3a5306 3ebd80d9 3c98ab58 3eefe45a 3c6bce9f 3f0d1efe 3ccad190 3f1dc86e 3d42e799 3f2728bf 3d2929e1 3f24724b 3d8ffa56 3f107867 3dd3d7df 3ed083e0 3e056b47 3e362c0c 3e31e91b bdbf34a6 3e47073c beb5d8c5 3e6d3212 bf0bce2c 3e812f35 bf1c93a0 3e51b2b9 bf058f78 3e492c60 be91363f 3e3a44ce 3d63f548 3e1ec578 3ed65f9e 3df151b4 3f37a542 3dc2aeba 3f608bba 3dd7b069 3f5be24f 3dc71574 3f2be0ca 3dbe80e1 3ebd2c2a 3dfe1420 3d1fd769 3e40d0ab be696036 3e51b2bb beb839e1 3e5e66ef bea7107f 3e3c782b be157c0f 3e33f1d0 3df6b801 3e2d9099 3ec7ab77 3e07906b 3f154052 3e078233 3f25c5d4 3e20ea9d 3f12dd3d 3e3e9d51 3ec9fcd1 3e20ce2d 3e319447 3e4b434c bc8f0efc 3e62a302 bdf70894 3e6d3212 bde27261 3e57ccd9 a7a2fb0d 3e3a613e 3e2ac699 3e383c1a 3ea91df8 3e340008 3edf7d5d 3e3e5639 3ee87c3e 3e53bb6f 3ec4438a 3e5805b9 3e81f7fe 3e5c41ca 3de63a2c 3e64b9ec 3bc2099b 3e68f5ff bd0e37a1 3e57db11 bb867e27 3e3eab87 3d9ed9f6 3e4b434c 3e317253 3e384a50 3e7949e4 3e340008 3e85224b 3e1ee1e8 3e5d13b9 3e3e8f19 3e011969 3e275a0b 3cac1922 3e381173 bd85d77b 3e275a0b bddd6cd6 3e20f8d4 bdccf9ef 3e230fc1 bd5b2c5c 3e121f7b 3bae68a7 3e09a758 3d3de6b3 3e034621 3d4067df 3df57f8d b92e1723 3d98ab58 bdae7993 3dadad0b be3e19aa 3d835459 be8d13ca 3db1a204 beabb664 3d648f47 beb7ed3b 3d641d8a beb68014 3c97c7dd beb1d8ef bc98ab58 beb5ba61 bd648f47 beca88c3 bd8be8ec bef1f37e bde9126f bf131dc4 be2962bf bf2e2786 be55d25c bf43ef07 be68e7c9 bf4fe8b2 be8458b4 bf50b801 be99850b bf488474 beab87e5 bf3bf839 becc4ec4 bf3053c3 bedc3aaf bf295a5e bef8c57c bf27e7ee bf03cf6b bf29bbf9 bf078950 bf2a8c19 bf0ef26e bf25efb0 bf187995 bf19616f bf20ee2a bf05895d bf252a3d bedc90a9 bf29664e beb2f06d bf2d1917 be99a868 bf2e2819 be97a288 bf2fbcdb beac6d2d bf205dc5 becffce6 bf239c99 bef5176b bf1c2543 bf06bf66 bf1a9081 bf072667 bf129a8d bef2e2a1 bf176e1f bebd675b bf0c3ce4 be69977b bf111077 bd852d1f bf0ccd49 3ddc0128 bf0807ee 3e91eb3b bef9c9d5 3ef08581 beec0a2a 3f2a10d8 bedc2c77 3f5d2ebc becc55de 3f868366 beb0d688 3f98b2eb be8eeee0 3fa00000 be2b6b77 3f97ba8a bdcb434c 3f7aed21 3cdd4fee 3f2504be 3dfe696d 3e6341c1 3e3e8f19 be5ee5d8 3e9dc839 bf17c9ca 3ed1b2bb bf552dc6 3ef5b150 bf65914f 3efe2258 bf49d903 3eec269a bf0e5caf 3edf6b4a be8f73d0 3ece6ccc bd50cb76 3eb50462 3d6c37f5 3e9db2e5 3c25f302 3e800e6b be38caaf 3e518814 bee9a30d 3e187279 bf3b93fe 3e0765c4 bf6c7d9d 3dc6c025 bf77e6b8 3d20954e bf5913b9 3bc50aee bf175ce2 bd9cf5a4 be873746 be1024fe 3d53c722 be64d65c 3e91226d be955731 3ec71fbb beadad0b 3ebbcdcb bebb6cb5 3e82168f bebd8abe 3de36d6d bea526ae 27978f88 bea0f1b9 bd115f14 be976703 3c84f891 be8eeee0 3e08542b be801587 3e89cb91 be759bfd 3ebe1bfc be51964b 3ecc06a3 be3c69f3 3eab6e2b be12030b 3e46afe4 bdfe1420 3c5a7852 bd8fc177 be240d59 bd7e1420 be926381 3cdea527 beaf57b6 3c6e7912 beaaa98c 3ccbb50a be90fda5 3cdc6c72 be68a4f1 3d0f6c2a be49eb54 3c2b9b74 be571a13 3c98ab58 be864914 3b0cd716 beaa1a59 bb85bb3c bec74672 bc98399a becf8829 bd0fdde6 bebb6bc2 bda929e1 be8cf8de bdc6f904 be1d9987 bdcb7c2c bd00f404 be1a979f 3d82f0ae be340008 3decd476 be2fd22d 3dfc3bee be363363 3dceca08 be1ed3b1 3d92c8fa be1ee1e8 3d674a28 be1880b1 3d886c40 be1880b1 3dcaeb8a be056b47 3e0d4881 bded23da 3e24d6cf bde07ddc 3e17e59a bdcb5fbc 3db9fab5 bda534e6 bbd15da7 bd7e1420 be0017a8 bd31f752 be7639f2 bca8f103 bea8c00c bb85bb3c bec220ff bc712385 bec73d0f bcecb21b bebe269c bcba1a27 beaffb27 bd0fdde6 bea4c9c3 bd4b434c bea00f3c bd835459 be9f3007 bdb608be be9a8f7b bda55156 be88dd5a be078233 be46a5c9 be381fab bda4dc09 be0e0e11 3d75ee9a be4b434c 3e4f7145 be6af07d 3ea26fd0 be3c69f3 3ec1c56f be4723aa 3ebeb938 be31e91b 3e9a3fd3 be098ae8 3e38ca26 be1669c3 3d0949c7 bdcf7125 bdee6444 bd5bc1d4 be8197d4 bd539f01 bebd80d9 bcfddb40 beefe45a bb83f445 bf0d1efe bc87f3f0 bf1dc86e bcdbfab4 bf2728bf bd3a1a27 bf24724b bd6d23da bf107867 bdba5306 bed083e0 be0773fc be362c0c be230fc1 3dbf34a6 be4d6872 3eb5d8c5 be7beefb 3f0bce2c be834621 3f1c93a0 be55e094 3f058f78 be493a98 3e91363f be2fc3f5 bd63f548 be121f7b bed65f9e bded23da bf37a542 bdb608be bf608bba bd8ffa56 bf5be24f bddc3394 bf2be0ca be055d0f bebd2c2a be0ffa56 bd1fd769 be2970f8 3e696036 be3c8663 3eb839e1 be55eecd 3ea7107f be3a5306 3e157c0f be340008 bdf6b801 be3eab86 bec7ab77 be0dc6fa bf154052 be143668 bf25c5d4 be2962bf bf12dd3d be231df8 bec9fcd1 be4d5a39 be319447 be492c60 3c8f0efc be6f2c8f 3df70894 be7376d8 3de27261 be42d961 a673c5c1 be3a613e be2ac699 be3c782b bea91df8 be273d9b bedf7d5d be492c60 bee87c3e be5e4a80 bec4438a be628690 be81f7fe be40d0ab bde63a2c be51b2b9 bbc2099b be5c41ca 3d0e37a1 be6d23da 3b867e27 be40a605 bd9ed9f6 be3e8f19 be317253 be3616f4 be7949e4 be340008 be85224b be31dae4 be5d13b9 be57f780 be011969 be295488 bcac1922 be36419b 3d85d77b be273d9b 3ddd6cd6 be2962bf 3dccf9ef be186442 3d5b2c5c be0dc6fa bbae68a7 be0ffa56 bd3de6b3 be056b47 bd4067df bdcb434c 392e1723 bdc2cb29 3dae7993 bdc2cb29 3e3e19aa bd8765c3 3e8d13ca bd987279 3eabb664 bd75b86d 3eb7ed3b bd187279 3eb68014 bb85bb3c 3eb1d8ef 3d29d47d 3eb5ba61 3d6d9597 3eca88c3 3dcb7c2c 3ef1f37e 3ddc3394 3f131dc4 3e099920 3f2e2786 3e4b5185 3f43ef07 3e4d4c01 3f4fe8b2 3e82338f 3f50b801 3e99850b 3f488474 3eb0d688 3f3bf839 3eca3ef2 3f3053c3 3edb2f37 3f295a5e 3ef16706 3f27e7ee 3f012ba6 3f29bbf9 3f0b3c18 3f2a8c19 3f15d243 3f25efb0 3f1b1d59 3f19616f 3f20ee2a 3f05895d 3f2c112d 3edc90a9 3f227bce 3eb2f06d 3f27c6e4 3e99a868 3f359856 3e97a288 3f2a6aa9 3eac6d2d 3f2526ae 3ecffce6 3f21f9a1 3ef5176b 3f1dbd90 3f06bf66 3f18fbc2 3f072667 3f15ceb5 3ef2e2a1 3f143668 3ebd675b 3f0ffa56 3e69977b 3f0ddc4e 3d852d1f 3f091a82 bddc0128 3f077ea5 be91eb3b 3f05e658 bef08581 3ef9c9d8 bf2a10d8 3ee5b011 bf5d2ebc 3ec1bfb3 bf868366 3ea84911 bf98b2eb 3e887f72 bfa00000 3e187279 bf97ba8a 3d9c83e4 bf7aed21 bc4d0a42 bf2504be bdd83e99 be6341c1 be496540 3e5ee5d8 beaeb164 3f17c9ca bec71c90 3f552dc6 beef48fe 3f65914f befd0fc4 3f49d903 bef04d59 3f0e5caf bee6c9c1 3e8f73d0 bec6f904 3d50cb76 bebb6599 bd6c37f5 be93159e bc25f302 be8337ea 3e38caaf be48f381 3ee9a30d be31ccab 3f3b93fe be0dc6fa 3f6c7d9d bdad57bb 3f77e6b8 bd1800bd 3f5913b9 3c2ab7f8 3f175ce2 3da1237c 3e873746 3e1452d7 bd53c722 3e66ed4a be91226d 3e97753a bec71fbb 3eadad09 bebbcdcb 3eb6252e be82168f 3eb0b2fe bde36d6d 3ea64779 a5d4b77b 3eab80c8 3d115f14 3e8ac822 bc84f891 3e7c19a3 be08542b 3e834621 be89cb91 3e77b2ea bebe1bfc 3e649d7e becc06a3 3e46f904 beab6e2b 3e2f994f be46afe4 3dd7e949 bc5a7852 3d6d23da 3e240d59 3d18399a 3e926381 bb878233 3eaf57b6 bbcfb4b4 3eaaa98c bd07bb12 3e90fda5 bd213fea 3e68a4f1 bcbafda3 3e49eb54 bcee0755 3e571a13 bb878233 3e864914 bcaa463b 3eaa1a59 b8637b5c 3ec74672 3c6cb21b 3ecf8829 3d187279 3ebb6bc2 3d64c826 3e8cf8de 3db6419b 3e1d9987 3dfa02b5 3d00f404 3e0de36a bd82f0ae 3e31e91b bdecd476 3e3a5306 bdfc3bee 3e4b5185 bdceca08 3e25431e bd92c8fa 3e31b03c bd674a28 3e0bdab4 bd886c40 3e14449f bdcaeb8a 3ded7927 be0d4881 3e056b46 be24d6cf 3e034621 be17e59a 3dd7e949 bdb9fab5 3da534e5 3bd15da7 3d7e1420 3e0017a8 3d187279 3e7639f2 3ccb434c 3ea8c00c 3c078233 3ec220ff bb878233 3ec73d0f 3cdbfab4 3ebe269c 3ca8f103 3eaffb27 3d074954 3ea4c9c3 3d2929e1 3ea00f3c 3d645667 3e9f3007 3dcb5fbc 3e9a8f7b 3dcb434c 3e88dd5a 3df57f8d 3e46a5c9 3e2dad09 3da4dc09 3e44f04e bd75ee9a 3e492c60 be4f7145 3e47073c bea26fd0 3e51a483 bec1c56f 3e3c782b bebeb938 3e2fc3f8 be9a3fd3 3e0df1a1 be38ca26 3e055d0f bd0949c7 3dd3bb6f 3dee6444 3d94449f 3e8197d4 3d31f753 3ebd80d9 3ced23da 3eefe45a 3c29d47d 3f0d1efe 3c05bb3c 3f1dc86e 3cdbfab4 3f2728bf 3d18399a 3f24724b 3d648f47 3f107867 3dc71574 3ed083e0 3e0bcc7c 3e362c0c 3e36252e bdbf34a6 3e55eecd beb5d8c5 3e6f5737 bf0bce2c 3e8023bf bf1c93a0 3e51b2b9 bf058f78 3e4b434c be91363f 3e3616f4 3d63f548 3e187279 3ed65f9e 3de07ddc 3f37a542 3de8a0af 3f608bba 3d8ffa56 3f5be24f 3dc71574 3f2be0ca 3dbe6471 3ebd2c2a 3e0120fd 3d1fd769 3e2962bf be696036 3e4b434c beb839e1 3e4f7125 bea7107f 3e363363 be157c0f 3e383c1a 3df6b801 3e2fc3f8 3ec7ab77 3e230fc1 3f154052 3e165b8d 3f25c5d4 3e23018a 3f12dd3d 3e31dae4 3ec9fcd1 3e40b43d 3e319447 3e51a484 bc8f0efc 3e68f5ff bdf70894 3e7c0b6b bde27261 3e4b5185 a7a2fb0d 3e4f62ee 3e2ac699 3e384a50 3ea91df8 3e42aeba 3edf7d5d 3e275a0b 3ee87c3e 3e4b434c 3ec4438a 3e5c3394 3e81f7fe 3e57f780 3de63a2c 3e5e4a7f 3bc2099b 3e64abb6 bd0e37a1 3e64abb6 bb867e27 3e471574 3d9ed9f6 3e4f7126 3e317253 3e46f904 3e7949e4 3e40a605 3e85224b 3e31dae4 3e5d13b9 3e274bd3 3e011969 3e3616f4 3cac1922 3e1ef01e bd85d77b 3e31b03c bddd6cd6 3e1ccafa bdccf9ef 3e1880b1 bd5b2c5c 3e0bcc7c 3bae68a7 3e07906b 3d3de6b3 3df16e24 3d4067df 3de4abb6 b92e1723 3dd7e949 bdae7993 3dbe80e1 be3e19aa 3dba3698 be8d13ca 3d53d7e0 beabb664 3d5c3394 beb7ed3b 3c87f3f0 beb68014 bc280d87 beb1d8ef bd0fa508 beb5ba61 bd757f8d beca88c3 bd9cbcc3 bef1f37e bded23da bf131dc4 be230fc1 bf2e2786 be3c8663 bf43ef07 be68f5ff bf4fe8b2 be718a92 bf50b801 be93320d bf488474 beaa7c6f bf3bf839 bebfa8c6 bf3053c3 bed2be30 bf295a5e bef59bfd bf27e7ee bf012ba7 bf29bbf9 bf0ab2ce bf2a8c19 bf10872e bf25efb0 bf18ff4f bf19616f bf2308a5 bf05895d bf274845 bedc90a9 bf2c0a13 beb2f06d bf2fbcdb be99a868 bf2fbcdb be97a288 bf2c0a13 beac6d2d bf238e61 becffce6 bf2173e6 bef5176b bf20ee2a bf06bf66 bf1f596c bf072667 bf18fbc2 bef2e2a1 bf13ad1f bebd675b bf11095b be69977b bf099cae bd852d1f bf0c478e 3ddc0128 bf078233 3e91eb3b bf02371d 3ef08581 bef04d59 3f2a10d8 bedf642f 3f5d2ebc bec7073c 3f868366 bea63225 3f98b2eb be87894f 3fa00000 be3616f4 3f97ba8a bd7d6983 3f7aed21 3c6e7912 3f2504be 3de9126f 3e6341c1 3e608c12 be5ee5d8 3ea97813 bf17c9ca 3ed91f67 bf552dc6 3ee8f5ff bf65914f 3efc044f bf49d903 3eef5737 bf0e5caf 3ee3a75c be8f73d0 3ed19d67 bd50cb76 3eb50462 3d6c37f5 3e9541df 3c25f302 3e8337ea be38caaf 3e490ff0 bee9a30d 3e2f994f bf3b93fe 3e0329b3 bf6c7d9d 3dad742b bf77e6b8 3d532d43 bf5913b9 bc2b9b74 bf175ce2 bd65aba2 be873746 be2dad0b 3d53c722 be79e646 3e91226d be998c29 3ec71fbb bea97814 3ebbcdcb beb6252c 3e82168f bebc7f47 3de36d6d bea8574a 27978f88 be9fe643 bd115f14 be987995 3c84f891 be8bbe44 3e08542b be834621 3e89cb91 be77b2ea 3ebe1bfc be55d25c 3ecc06a3 be2d8261 3eab6e2b be142831 3e46afe4 bdf59bfd 3c5a7852 bdcb434c be240d59 bd757f8d be926381 bc05bb3c beaf57b6 3d10c162 beaaa98c 3cfebebd be90fda5 3d3ac4c3 be68a4f1 3d078233 be49eb54 3ccbb50c be571a13 3ca9d47d be864914 3ccad18e beaa1a59 00000000 bec74672 bc98399a becf8829 bd20ce2d bebb6bc2 bd6d5cb9 be8cf8de bdadad0b be1d9987 bde8f5ff bd00f404 be187279 3d82f0ae be3a44ce 3decd476 be384a50 3dfc3bee be40c275 3dceca08 be2b87e4 3d92c8fa be274bd3 3d674a28 be143668 3d886c40 be143668 3dcaeb8a be0de36a 3e0d4881 be012f35 3e24d6cf bde4abb6 3e17e59a bdcb434c 3db9fab5 bda0ea9d bbd15da7 bd988ee9 be0017a8 bd3a5306 be7639f2 bca8f103 bea8c00c 3c2b9b74 bec220ff bc4dedbe bec73d0f bc878233 bebe269c bcfddb41 beaffb27 bd31be73 bea4c9c3 bd8337ea bea00f3c bda94651 be9f3007 bda97f30 be9a8f7b bdcfaa06 be88dd5a be121f7b be46a5c9 be1ee1e8 bda4dc09 be491e28 3d75ee9a be42d961 3e4f7145 be4b5185 3ea26fd0 be2d9ed1 3ec1c56f be36252e 3ebeb938 be2dad09 3e9a3fd3 be0337ea 3e38ca26 be056b47 3d0949c7 bdd805b9 bdee6444 bda534e6 be8197d4 bd42aeba bebd80d9 bcecb21b beefe45a bb83f445 bf0d1efe bc6e7912 bf1dc86e bcecb21b bf2728bf bd39e148 bf24724b bd7ddb41 bf107867 bdb1dae4 bed083e0 bdcb7c2c be362c0c be1669c5 3dbf34a6 be44f04e 3eb5d8c5 be6b0ced 3f0bce2c be834621 3f1c93a0 be66d0da 3f058f78 be608c12 3e91363f be42d961 bd63f548 be121143 bed65f9e bded23da bf37a542 bdc2cb29 bf608bba bda51876 bf5be24f bdcf54b6 bf2be0ca bde0616e bebd2c2a be034621 bd1fd769 be2526ae 3e696036 be4d5a39 3eb839e1 be628690 3ea7107f be42cb29 3e157c0f be3a613e bdf6b801 be450cbe bec7ab77 be2b961c bf154052 be078233 bf25c5d4 be14449f bf12dd3d be273d9b bec9fcd1 be2fc3f8 be319447 be44f04e 3c8f0efc be6f2c8f 3df70894 be6294ca 3de27261 
