3b878233 00000000 3c078233 3d712f5f bb878233 3df0ead3 3bcc26c8 3e345a85 3c4b434c 3e6fd91c 3c29d47d 3e9567b1 3ca9d47d 3eb28de8 3ccb434c 3ecf4ea1 3d078233 3eeb9987 3d42e799 3f03af42 3d4275db 3f1146e7 3dbe80e1 3f1e8bf9 3e09a758 3f2b76ef 3e2dad09 3f38006e 3e4d6871 3f442159 3e6f48fe 3f4fd2c9 3e8cd0d7 3f5b0e1b 3eaeb880 3f65cce8 3ebd8abe 3f700919 3ed0990d 3f79bcdd 3edc3394 3f817157 3ef15fea 3f85baac 3f06732f 3f89b7ff 3f16e147 3f8d670b 3f2064e1 3f90c5b8 3f2fc068 3f93d21b 3f425019 3f968a7a 3f4132de 3f98ed48 3f52aff9 3f9af92b 3f5c3394 3f9cacf8 3f6f48fe 3f9e07b7 3f7628d4 3f9f08a5 3f812ba6 3f9faf2d 3f85ef3a 3f9ffaf3 3f8a6ff0 3f9febca 3f8f7662 3f9f81bc 3f93b273 3f9ebd05 3f96df81 3f9d9e14 3f9a0c8f 3f9c258d 3f9d399c 3f9a5446 3f9e03fa 3f982b47 3fa0ec64 3f95abcb 3fa173e6 3f92d73b 3fa34f11 3f8faf36 3fa63b09 3f8c3586 3fa67c1f 3f886c24 3fa2c400 3f845539 3fa23c7e 3f7fe62a 3fa28124 3f769072 3fa1fb69 3f6cae95 3f9dfb18 3f624630 3f9e0235 3f575d30 3f96df80 3f4bf9c7 3f9500c7 3f40226d 3f929fe1 3f33dddf 3f8ffa56 3f273315 3f8bbe44 3f1a2943 3f85ed73 3f0cc7d2 3f83cda3 3efe2cb7 3f805bf1 3ee23952 3f78c57c 3ec5c559 3f6f3ac7 3ea8e0f6 3f617eaa 3e8b9c97 3f587d3b 3e5c11bc 3f479084 3e206d32 3f402049 3dc8daf5 3f32609f 3d20d2b6 3f2173e6 bca0d7cb 3f110ce9 bda0be65 3f06fc78 be0c75be 3ef15fea be483c72 3ed2aff9 be81c8ac 3eb50b7e be9f295a 3e9dc11e bebc2f91 3e6f5737 bed8cad3 3e2dbb40 bef4eadb 3e0bbe44 bf083fd7 3d9cbcc3 bf15bcd0 3c4c26c8 bf22e4ad bcfddb41 bf2faff3 bddc1723 bf3c175f be2526ae bf4813e1 be6f3ac7 bf539eac be9a8966 bf5eb12d beb50462 bf69451d bed7f064 bf735475 bef4896a bf7cd980 bf078233 bf82e76a bf14bfb1 bf8717ad bf2282ea bf8afb26 bf2f3720 bf8e8fa1 bf43d69f bf91d314 bf4bc908 bf94c3a5 bf5662c3 bf975fa8 bf628dac bf99a5a2 bf6b095e bf9b9446 bf759f8a bf9d2a7c bf82371d bf9e675f bf85a8d0 bf9f4a38 bf89e4e0 bf9fd288 bf8c4954 bfa00000 bf8eac02 bf9fd288 bf911077 bf9f4a38 bf983163 bf9e675f bf9cf32e bf9d2a7c bf9e89b8 bf9b9446 bfa34b82 bf99a5a2 bfa0ee2a bf975fa8 bfa78795 bf94c3a5 bfa3d85a bf91d314 bfa6befd bf8e8fa1 bfa4a2ba bf8afb26 bfa4a2ba bf8717ad bfa41b38 bf82e76a bfa34f11 bf7cd980 bfa1fd2e bf735475 bf9b9f86 bf69451d bf9b20e8 bf5eb12d bf97a81a bf539eac bf96df81 bf4813e1 bf94c177 bf3c175f bf932af2 bf2faff3 bf8fffab bf22e4ad bf8bc39a bf15bcd0 bf8565f1 bf083fd7 bf7d8ad7 bef4eadb bf7aeaa1 bed8cad3 bf71ecc2 bebc2f91 bf66cd4d be9f295a bf5badd7 be81c8ac bf4e7059 be483c72 bf44ecc1 be0c75be bf36a03e bda0be65 bf2b8458 bca0d7cb bf1f55de 3d20d2b6 bf10839f 3dc8daf5 bf0458b4 3e206d32 bee39924 3e5c11bc becc55de 3e8b9c97 beafbcdb 3ea8e0f6 be976703 3ec5c559 be55c425 3ee23952 be096e78 3efe2cb7 bdf16e24 3f0cc7d2 bd318594 3f1a2943 3c4d0a42 3f273315 3d53d7df 3f33dddf 3ded4047 3f40226d 3e2d9ed1 3f4bf9c7 3e812818 3f575d30 3e9b9bf9 3f624630 3ebb6599 3f6cae95 3edd4627 3f769072 3ef7ba05 3f7fe62a 3f089137 3f845539 3f1ba6a2 3f886c24 3f28e093 3f8c3586 3f3a5db0 3f8faf36 3f41bfb3 3f92d73b 3f4d64e4 3f95abcb 3f5bb167 3f982b47 3f69782f 3f9a5446 3f6fceba 3f9c258d 3f7d0c35 3f9d9e14 3f8129e0 3f9ebd05 3f8785c0 3f9f81bc 3f8c4955 3f9febca 3f8fb93f 3f9ffaf3 3f936dcf 3f9faf2d 3f97225e 3f9f08a5 3f97eaf7 3f9e07b7 3f9e05c2 3f9cacf8 3fa28678 3f9af92b 3fa4e925 3f98ed48 3fa12f42 3f968a7a 3fa2c400 3f93d21b 3fa2c400 3f90c5b8 3fa74846 3f8d670b 3fa4e3d2 3f89b7ff 3fa52876 3f85baac 3fa1f9a1 3f817157 3f9fd9d1 3f79bcdd 3f9bded6 3f700919 3f9e87f0 3f65cce8 3f9cae8c 3f5b0e1b 3f9a0900 3f4fd2c9 3f95ccef 3f442159 3f914fc6 3f38006e 3f903efb 3f2b76ef 3f8fb3ea 3f1e8bf9 3f8918ba 3f1146e7 3f85642b 3f03af42 3f805db9 3eeb9987 3f762546 3ecf4ea1 3f6d23da 3eb28de8 3f6316f7 3e9567b1 3f55d978 3e6fd91c 3f4b434c 3e345a85 3f3d83a1 3df0ead3 3f347ea6 3d712f5f 3f2853bc 26045e1f 3f1caafd bd712f5f 3f0d5304 bdf0ead3 3ef8cc98 be345a85 3ed3c9a7 be6fd91c 3eb84336 be9567b1 3eac8c40 beb28de8 3e8dd532 becf4ea1 3e53bb6f beeb9987 3e187279 bf03af42 3dba5306 bf1146e7 3d078233 bf1e8bf9 bccb434c bf2b76ef bd9ca054 bf38006e be0bbe44 bf442159 be55d25c bf4fd2c9 be8894c6 bf5b0e1b beafb5bd bf65cce8 bed083b9 bf700919 bee4abb6 bf79bcdd bf034621 bf817157 bf1432da bf85baac bf21f614 bf89b7ff bf27d18d bf8d670b bf361a83 bf90c5b8 bf3fa539 bf93d21b bf4d6872 bf968a7a bf606fa4 bf98ed48 bf6e2f51 bf9af92b bf7621b8 bf9cacf8 bf7d08a9 bf9e07b7 bf84dca7 bf9f08a5 bf8918ba bf9faf2d bf8c478e bf9ffaf3 bf8ddfdb bf9febca bf93b0ad bf9f81bc bf97a819 bf9ebd05 bf9a9249 bf9d9e14 bf9dbf56 bf9c258d bfa0a7c0 bf9a5446 bfa282ea bf982b47 bfa5f10f bf95abcb bfa41972 bf92d73b bfa56b53 bf8faf36 bfa52876 bf8c3586 bfa4e598 bf886c24 bfa4e598 bf845539 bfa393b6 bf7fe62a bfa1fd2e bf769072 bfa0ee2a bf6cae95 bf9d399c bf624630 bf9ba4dc bf575d30 bf958a11 bf4bf9c7 bf92e486 bf40226d bf910b22 bf33dddf bf8e675d bf273315 bf8bc1d2 bf1a2943 bf85642b bf0cc7d2 bf82c067 befe2cb7 bf7a6158 bee23952 bf77c4b0 bec5c559 bf6ec342 bea8e0f6 bf6294c8 be8b9c97 bf555ad9 be5c11bc bf42cb29 be206d32 bf39cd4b bdc8daf5 bf2d9ed1 bd20d2b6 bf1ec905 3ca0d7cb bf132764 3da0be65 bf080b7c 3e0c75be bef04d59 3e483c72 bedc3aaf 3e81c8ac bebd83a3 3e9f295a be9ecc95 3ebc2f91 be812818 3ed8cad3 be47073c 3ef4eadb be121143 3f083fd7 bd942831 3f15bcd0 bc4a5fd1 3f22e4ad 3d21070c 3f2faff3 3db6252e 3f3c175f 3e1ed3b1 3f4813e1 3e4b26dd 3f539eac 3e9baa31 3f5eb12d 3ec4fe86 3f69451d 3ede5fd4 3f735475 3ef05b91 3f7cd980 3f04de6f 3f82e76a 3f187995 3f8717ad 3f252dc9 3f8afb26 3f2f3aad 3f8e8fa1 3f3fa537 3f91d314 3f4cdf28 3f94c3a5 3f590da1 3f975fa8 3f631a86 3f99a5a2 3f6ebfb5 3f9b9446 3f7846dd 3f9d2a7c 3f816e85 3f9e675f 3f85aa96 3f9f4a38 3f8bc39a 3f9fd288 3f8fbb07 3fa00000 3f914fc6 3f9fd288 3f94bfb1 3f9f4a38 3f97a81a 3f9e675f 3f9c6d75 3f9d2a7c 3f9dbf55 3f9b9446 3f9e006c 3f99a5a2 3fa393b6 3f975fa8 3f9f952d 3f94c3a5 3fa4a0f3 3f91d314 3fa2c400 3f8e8fa1 3fa39028 3f8afb26 3fa3d4cc 3f8717ad 3fa39028 3f82e76a 3f9f9366 3f7cd980 3f9f0daa 3f735475 3fa41b38 3f69451d 3f9cb051 3f5eb12d 3f9a0900 3f539eac 3f987279 3f4813e1 3f94bdea 3f3c175f 3f91d582 3f2faff3 3f8ea874 3f22e4ad 3f8a6c63 3f15bcd0 3f873f56 3f083fd7 3f830344 3ef4eadb 3f7ae711 3ed8cad3 3f72f4aa 3ebc2f91 3f685e7f 3e9f295a 3f5f5d12 3e81c8ac 3f532e99 3e483c72 3f491e28 3e0c75be 3f38bab8 3da0be65 3f29ec09 3ca0d7cb 3f1ecc95 bd20d2b6 3f0ddc4e bdc8daf5 3f00a25d be206d32 3eda23c1 be5c11bc 3ec2d246 be8b9c97 3ea74bd3 bea8e0f6 3e986b5d bec5c559 3e758dc5 bee23952 3e42aeba befe2cb7 3de4abb6 bf0cc7d2 3d3a8be4 bf1a2943 3b09492a bf273315 bd757f8d bf33dddf bde4abb6 bf40226d be57db13 bf4bf9c7 be855d0f bf575d30 bea4141c bf624630 bebfa1ab bf6cae95 bedd3f0a bf769072 bf009ecf bf7fe62a bf0c4400 bf845539 bf1b9bf8 bf886c24 bf2853bc bf8c3586 bf358dac bf8faf36 bf43da2e bf92d73b bf4e7059 bf95abcb bf598fcf bf982b47 bf6425fb bf9a5446 bf6c9e1f bf9c258d bf80174d bf9d9e14 bf834621 bf9ebd05 bf889137 bf9f81bc bf8a6c63 bf9febca bf8e6596 bf9ffaf3 bf91d582 bf9faf2d bf972097 bf9f08a5 bf9a9249 bf9e07b7 bf9c6d74 bf9cacf8 bf9ece5a bf9af92b bfa0ec65 bf98ed48 bfa282ea bf968a7a bfa34f11 bf93d21b bfa41972 bf90c5b8 bfa5f2d6 bf8d670b bfa56d1b bf89b7ff bfa3d85a bf85baac bfa241d4 bf817157 bfa13495 bf79bcdd bfa2400c bf700919 bf9ad360 bf65cce8 bf9b63c6 bf5b0e1b bf9a5133 bf4fd2c9 bf976703 bf442159 bf90c4b6 bf38006e bf91946b bf2b76ef bf8d5859 bf1e8bf9 bf8a2b4c bf1146e7 bf8565f1 bf03af42 bf816e85 beeb9987 bf7846dd becf4ea1 bf71f050 beb28de8 bf631a86 be9567b1 bf54ca74 be6fd91c bf478cf6 be345a85 bf3c7111 bdf0ead3 bf3485c3 bd712f5f bf25aff7 00000000 bf15cb27 3d712f5f bf0b34fb 3df0ead3 befbf618 3e345a85 bee3a03f 3e6fd91c bec4e932 3e9567b1 bea308a5 3eb28de8 be89a03c 3ecf4ea1 be55d25c 3eeb9987 be20ea9d 3f03af42 bdf5d4dc 3f1146e7 bca87f45 3f1e8bf9 3d07f3f0 3f2b76ef 3dc74e54 3f38006e 3e10088e 3f442159 3e55eecd 3f4fd2c9 3e8ab2cf 3f5b0e1b 3eb519b6 3f65cce8 3ecc5cf9 3f700919 3eeb140a 3f79bcdd 3efbf618 3f817157 3f0aaf40 3f85baac 3f1b9f86 3f89b7ff 3f2a7553 3f8d670b 3f41ca5b 3f90c5b8 3f492c60 3f93d21b 3f54d191 3f968a7a 3f5d4627 3f98ed48 3f69749f 3f9af92b 3f749414 3f9cacf8 3f7f2a40 3f9e07b7 3f83050b 3f9f08a5 3f8894c6 3f9faf2d 3f8d9b37 3f9ffaf3 3f90c843 3f9febca 3f947b0d 3f9f81bc 3f983163 3f9ebd05 3f9ba314 3f9d9e14 3f9d37d5 3f9c258d 3f9ece5a 3f9a5446 3fa0ec64 3f982b47 3fa12d7b 3f95abcb 3fa0e8d6 3f92d73b 3fa1b4fc 3f8faf36 3fa92370 3f8c3586 3fa812a5 3f886c24 3fa417aa 3f845539 3fa1b4fc 3f7fe62a 3fa2c5c8 3f769072 3fa17220 3f6cae95 3f9a0ac6 3f624630 3f9c69e8 3f575d30 3f96dbf3 3f4bf9c7 3f943668 3f40226d 3f91d3bb 3f33dddf 3f8f710d 3f273315 3f8c4400 3f1a2943 3f8916f3 3f0cc7d2 3f84dae1 3efe2cb7 3f81eeeb 3ee23952 3f77b2ea 3ec5c559 3f68e7c9 3ea8e0f6 3f5fe65c 3e8b9c97 3f5b19e4 3e5c11bc 3f4aba04 3e206d32 3f36a3cc 3dc8daf5 3f2afe9c 3d20d2b6 3f227f5c bca0d7cb 3f0d5dae bda0be65 3f06732f be0c75be 3eef48fe be483c72 3ed4ce01 be81c8ac 3eba5306 be9f295a 3e9dba02 bebc2f91 3e7e1420 bed8cad3 3e3e8f19 bef4eadb 3ded404a bf083fd7 3d75f14a bf15bcd0 3c6e7912 bf22e4ad bd078233 bf2faff3 bdb1dae4 bf3c175f be23018a bf4813e1 be6afeb5 bf539eac be9b94dd bf5eb12d beb834fe bf69451d bed2aff9 bf735475 bef04d59 bf7cd980 bf089137 bf82e76a bf165470 bf8717ad bf1fdf26 bf8afb26 bf2b8458 bf8e8fa1 bf44e216 bf91d314 bf4cd80d bf94c3a5 bf5b2102 bf975fa8 bf628dac bf99a5a2 bf6c9e1f bf9b9446 bf77ba05 bf9d2a7c bf84535f bf9e675f bf85ebad bf9f4a38 bf8af21e bf9fd288 bf8af5ac bfa00000 bf8de1a3 bf9fd288 bf93b273 bf9f4a38 bf987441 bf9e675f bf9a4f6b bf9d2a7c bf9c6d74 bf9b9446 bf9f12ff bf99a5a2 bfa0ee2a bf975fa8 bfa284b1 bf94c3a5 bfa34f11 bf91d314 bfa4a2ba bf8e8fa1 bfa45e15 bf8afb26 bfa52a3d bf8717ad bfa5aff9 bf82e76a bfa30c34 bf7cd980 bfa1fd2e bf735475 bfa1b88a bf69451d bf9b9f86 bf5eb12d bf9b1d5a bf539eac bf9652aa bf4813e1 bf95028e bf3c175f bf947e9b bf2faff3 bf9040c2 bf22e4ad bf8cd0d7 bf15bcd0 bf85a8cf bf083fd7 bf81f607 bef4eadb bf7bfd33 bed8cad3 bf71ecc2 bebc2f91 bf65be49 be9f295a bf598fcf be81c8ac bf4e7059 be483c72 bf42cb29 be0c75be bf3725f8 bda0be65 bf2a71c5 bca0d7cb bf1c28d0 3d20d2b6 bf0f749b 3dc8daf5 bf0567b8 3e206d32 bee5b72e 3e5c11bc bec812b0 3e8b9c97 beafbcdb 3ea8e0f6 be92185f 3ec5c559 be68e7c9 3ee23952 be07578c 3efe2cb7 bde0616c 3f0cc7d2 bd1800bd 3f1a2943 bb878233 3f273315 3d6d5cb9 3f33dddf 3dc2aeba 3f40226d 3e2b79ad 3f4bf9c7 3e801ca2 3f575d30 3e9a9081 3f624630 3ebc7111 3f6cae95 3edc3aaf 3f769072 3efaf1bd 3f7fe62a 3f108abc 3f845539 3f18ff51 3f886c24 3f252a3d 3f8c3586 3f3a5db0 3f8faf36 3f479b2e 3f92d73b 3f4dee2e 3f95abcb 3f5c3aaf 3f982b47 3f664792 3f9a5446 3f716706 3f9c258d 3f7c82ed 3f9d9e14 3f82c067 3f9ebd05 3f8783fb 3f9f81bc 3f8bc00c 3f9febca 3f90c843 3f9ffaf3 3f936dcf 3f9faf2d 3f95ceb5 3f9f08a5 3f97a81a 3f9e07b7 3f9d7c7a 3f9cacf8 3fa175ad 3f9af92b 3fa2400d 3f98ed48 3fa0631a 3f968a7a 3fa28124 3f93d21b 3fa49f2d 3f90c5b8 3fa8574a 3f8d670b 3fa5f2d6 3f89b7ff 3fa5f49c 3f85baac 3fa0e8d6 3f817157 3f9fd80a 3f79bcdd 3f9f0daa 3f700919 3fa2400d 3f65cce8 3f9768ca 3f5b0e1b 3f98f66d 3f4fd2c9 3f936dcf 3f442159 3f936a41 3f38006e 3f93220f 3f2b76ef 3f8dda86 3f1e8bf9 3f873f56 3f1146e7 3f85e9e6 3f03af42 3f805bf1 3eeb9987 3f7621b8 3ecf4ea1 3f6da995 3eb28de8 3f64226c 3e9567b1 3f590685 3e6fd91c 3f4b434c 3e345a85 3f4023d7 3df0ead3 3f337330 3d712f5f 3f27ca73 26045e1f 3f1b163d bd712f5f 3f0a2984 bdf0ead3 3efbf618 be345a85 3ee17b1a be6fd91c 3ec91e28 be9567b1 3e9fdf26 beb28de8 3e8aabb3 becf4ea1 3e53bb6f beeb9987 3e09b58f bf03af42 3db6252c bf1146e7 3ced9597 bf1e8bf9 bc4b434c bf2b76ef bd942830 bf38006e be142830 bf442159 be5c255a bf4fd2c9 be8bbe44 bf5b0e1b beb2df3e bf65cce8 becc4ec4 bf700919 beed1cbd bf79bcdd bef9df2a bf817157 bf0eeb52 bf85baac bf20ea9d bf89b7ff bf325983 bf8d670b bf37abb4 bf90c5b8 bf45f836 bf93d21b bf4ef9a4 bf968a7a bf617b1a bf98ed48 bf68e7c9 bf9af92b bf71e935 bf9cacf8 bf7d8e65 bf9e07b7 bf841249 bf9f08a5 bf8892fe bf9faf2d bf8b7d2e bf9ffaf3 bf914dff bf9febca bf910eaf bf9f81bc bf99817d bf9ebd05 bf9b5ca9 bf9d9e14 bf9e4511 bf9c258d bf9e46da bf9a5446 bfa13108 bf982b47 bfa284b1 bf95abcb bfa45c4e bf92d73b bfa4e598 bf8faf36 bfa56d1b bf8c3586 bfa7cc3a bf886c24 bfa4a2ba bf845539 bfa2c956 bf7fe62a bfa1fd2e bf769072 bfa0ee2a bf6cae95 bf9a9249 bf624630 bf9a95d7 bf575d30 bf98332a bf4bf9c7 bf929fe1 bf40226d bf91d749 bf33dddf bf8eaa3c bf273315 bf8bc1d2 bf1a2943 bf885021 bf0cc7d2 bf8458b4 befe2cb7 bf806147 bee23952 bf72fbc8 bec5c559 bf6b92a7 bea8e0f6 bf6076c0 be8b9c97 bf4e6ccc be5c11bc bf4928d2 be206d32 bf3ad8c1 bdc8daf5 bf2f371d bd20d2b6 bf25b386 3ca0d7cb bf15ceb5 3da0be65 bf091a80 3e0c75be beee2f4f 3e483c72 bedd4d42 3e81c8ac beb1d3c6 3e9f295a be9ecc95 3ebc2f91 be7e1420 3ed8cad3 be3c69f3 3ef4eadb be0120fd 3f083fd7 bd8b939e 3f15bcd0 bc280d87 3f22e4ad 3d4bb50a 3f2faff3 3dcb7c2c 3f3c175f 3e20f8d5 3f4813e1 3e7e3ec8 3f539eac 3e8bb729 3f5eb12d 3eb2ed77 3f69451d 3ed805b9 3f735475 3ef9e646 3f7cd980 3f0785c0 3f82e76a 3f1548fb 3f8717ad 3f23957c 3f8afb26 3f2eb164 3f8e8fa1 3f3e92a6 3f91d314 3f4c596d 3f94c3a5 3f56ef99 3f975fa8 3f63a3cf 3f99a5a2 3f70e14d 3f9b9446 3f762546 3f9d2a7c 3f81f607 3f9e675f 3f8565f1 3f9f4a38 3f8a6e2a 3f9fd288 3f8c478e 3fa00000 3f936f96 3f9fd288 3f93f38a 3f9f4a38 3f960fcb 3f9e675f 3f9d399c 3f9d2a7c 3f9e46d9 3f9b9446 3f9e87f0 3f99a5a2 3fa393b6 3f975fa8 3fa1f9a1 3f94c3a5 3fa52876 3f91d314 3fa67c1f 3f8e8fa1 3fa56b53 3f8afb26 3fa4e3d2 3f8717ad 3fa417aa 3f82e76a 3fa56d1b 3f7cd980 3fa01921 3f735475 3f9d7724 3f69451d 3f9fdd5e 3f5eb12d 3f98f9fc 3f539eac 3f96974e 3f4813e1 3f9434a1 3f3c175f 3f8ffa56 3f2faff3 3f8e1f2b 3f22e4ad 3f889137 3f15bcd0 3f86b60c 3f083fd7 3f81af9b 3ef4eadb 3f784350 3ed8cad3 3f6e32df 3ebc2f91 3f674f7b 3e9f295a 3f5baa4a 3e81c8ac 3f4ef9a4 3e483c72 3f445fe9 3e0c75be 3f3485c3 3da0be65 3f2b80c8 3ca0d7cb 3f1ecc95 bd20d2b6 3f129e1b bdc8daf5 3f03cbdd be206d32 3eec1147 be5c11bc 3ed1964c be8b9c97 3eb3f1d0 bea8e0f6 3e92185f bec5c559 3e7376d8 bee23952 3e33f1d0 befe2cb7 3dd3d7e0 bf0cc7d2 3d108883 bf1a2943 bbc898da bf273315 bdad57bb bf33dddf be0db8c2 bf40226d be3a5306 bf4bf9c7 be845198 bf575d30 bea3018a bf624630 beba5a23 bf6cae95 bed90a14 bf769072 befbf618 bf7fe62a bf0ccd49 bf845539 bf1b9f86 bf886c24 bf2962bf bf8c3586 bf3616f4 bf8faf36 bf41366b bf92d73b bf5199d9 bf95abcb bf5a9b45 bf982b47 bf6534ff bf9a5446 bf759870 bf9c258d bf7bf618 bf9d9e14 bf7e1b3b bf9ebd05 bf89e152 bf9f81bc bf891e0f bf9febca bf8d9b37 bf9ffaf3 bf925d03 bf9faf2d bf96ddba bf9f08a5 bf9a9081 bf9e07b7 bf9cf32e bf9cacf8 bf9e0234 bf9af92b bfa0203d bf98ed48 bfa23e46 bf968a7a bfa45e15 bf93d21b bfa41b38 bf90c5b8 bfa45fdd bf8d670b bfa30dfb bf89b7ff bfa41b38 bf85baac bfa30c34 bf817157 bfa393b6 bf79bcdd bfa34d4a bf700919 bf9cf331 bf65cce8 bf9ad6ee bf5b0e1b bf969915 bf4fd2c9 bf97aba7 bf442159 bf95d243 bf38006e bf910ce9 bf2b76ef bf8c04b0 bf1e8bf9 bf8783fb bf1146e7 bf85ac5e bf03af42 bf812ba6 beeb9987 bf78d025 becf4ea1 bf68e7c9 beb28de8 bf62913c be9567b1 bf607ddc be6fd91c bf4d64e4 be345a85 bf38b72b bdf0ead3 bf32e9e8 bd712f5f bf274846 00000000 bf1a940f 3d712f5f bf0bbe44 3df0ead3 bef8c57c 3e345a85 bedb2102 3e6fd91c bebf9a8e 3e9567b1 bea308a5 3eb28de8 be877b18 3ecf4ea1 be5e58b8 3eeb9987 be164d55 3f03af42 bdbe80e1 3f1146e7 bcca5fd1 3f1e8bf9 3d07f3f0 3f2b76ef 3d539f01 3f38006e 3e056b47 3f442159 3e5c41ca 3f4fd2c9 3e8894c6 3f5b0e1b 3eab87e4 3f65cce8 3ec92c60 3f700919 3eeb140a 3f79bcdd 3f056b47 3f817157 3f12a536 3f85baac 3f1dc11e 3f89b7ff 3f2c935b 3f8d670b 3f39d0d8 3f90c5b8 3f44ecc1 3f93d21b 3f5117ac 3f968a7a 3f618952 3f98ed48 3f675696 3f9af92b 3f740aca 3f9cacf8 3f828117 3f9e07b7 3f8633df 3f9f08a5 3f86b7d3 3f9faf2d 3f8c8a6b 3f9ffaf3 3f903efb 3f9febca 3f947cd3 3f9f81bc 3f98b8e5 3f9ebd05 3f9be5f2 3f9d9e14 3f9e8b7e 3f9c258d 3fa02203 3f9a5446 3fa1b88a 3f982b47 3fa282ea 3f95abcb 3fa3d4cc 3f92d73b 3fa45c4e 3f8faf36 3fa56b53 3f8c3586 3fa89bef 3f886c24 3fa27d96 3f845539 3fa17058 3f7fe62a 3fa2c5c8 3f769072 3f9e8461 3f6cae95 3f9cacc4 3f624630 3f97ecbe 3f575d30 3f96dbf3 3f4bf9c7 3f943668 3f40226d 3f9190dd 3f33dddf 3f8ddc4e 3f273315 3f8a6c63 3f1a2943 3f899e75 3f0cc7d2 3f856263 3efe2cb7 3f80e1ad 3ee23952 3f70da30 3ec5c559 3f6c9a8f 3ea8e0f6 3f64a49a 3e8b9c97 3f5226b1 3e5c11bc 3f49aafe 3e206d32 3f3be7c6 3dc8daf5 3f325d10 3d20d2b6 3f263225 bca0d7cb 3f0ef26e bda0be65 3f088da9 be0c75be 3eef41e2 be483c72 3ed5d978 be81c8ac 3eb50b7e be9f295a 3e99850b bebc2f91 3e716e24 bed8cad3 3e383c1a bef4eadb 3dd83e99 bf083fd7 3d6539e2 bf15bcd0 3d078233 bf22e4ad bd078233 bf2faff3 bdba5306 bf3c175f be20dc66 bf4813e1 be758dc5 bf539eac be997df0 bf5eb12d beb94074 bf69451d bed4c6e7 bf735475 bef376d8 bf7cd980 bf05642b bf82e76a bf15456c bf8717ad bf2173e6 bf8afb26 bf30cbde bf8e8fa1 bf359856 bf91d314 bf4a3449 bf94c3a5 bf54ce01 bf975fa8 bf639924 bf99a5a2 bf6d23da bf9b9446 bf7ae711 bf9d2a7c bf80a25d bf9e675f bf85a8d0 bf9f4a38 bf891a82 bf9fd288 bf90c4b6 bfa00000 bf9500c7 bf9fd288 bf95028e bf9f4a38 bf97a9e1 bf9e675f bf9ad6ee bf9d2a7c bf9f96f4 bf9b9446 bf9f9a82 bf99a5a2 bfa173e6 bf975fa8 bfa3d4cc bf94c3a5 bfa41b38 bf91d314 bfa2c956 bf8e8fa1 bfa45e15 bf8afb26 bfa45fdd bf8717ad bfa4e598 bf82e76a bfa4a0f3 bf7cd980 bfa2c78e bf735475 bfa173e6 bf69451d bf9ad360 bf5eb12d bf9a52fa bf539eac bf97a81a bf4813e1 bf9548fb bf3c175f bf91d749 bf2faff3 bf8d54cb bf22e4ad bf8b3a50 bf15bcd0 bf845527 bf083fd7 bf80e53b bef4eadb bf7f315b bed8cad3 bf73889e bebc2f91 bf67dfdf be9f295a bf5a1918 be81c8ac bf4dea9e be483c72 bf42ceb9 be0c75be bf36a3cc bda0be65 bf2853bc bca0d7cb bf1c28d0 3d20d2b6 bf0ffa56 3dc8daf5 bf0349b0 3e206d32 beec1863 3e5c11bc bed2aff9 3e8b9c97 beb2ed77 3ea8e0f6 be987995 3ec5c559 be53ad37 3ee23952 be2962bf 3efe2cb7 bdd7e949 3f0cc7d2 bd536621 3f1a2943 3b89492a 3f273315 3d20ce2d 3f33dddf 3de4abb6 3f40226d 3e2d9ed1 3f4bf9c7 3e8cdf0f 3f575d30 3eb0e4c0 3f624630 3ec602e1 3f6cae95 3edf6b4a 3f769072 3efd0fc5 3f7fe62a 3f0bc1d2 3f845539 3f15456c 3f886c24 3f2b8b73 3f8c3586 3f361a83 3f8faf36 3f4711e6 3f92d73b 3f4f867a 3f95abcb 3f5b2baa 3f982b47 3f67dfdf 3f9a5446 3f716706 3f9c258d 3f7bfd33 3f9d9e14 3f8349b0 3f9ebd05 3f87411c 3f9f81bc 3f8c4955 3f9febca 3f8eeb52 3f9ffaf3 3f92a1a9 3f9faf2d 3f965638 3f9f08a5 3f98b71e 3f9e07b7 3f9ba14d 3f9cacf8 3f9e0235 3f9af92b 3fa0203d 3f98ed48 3fa0631a 3f968a7a 3f9f5088 3f93d21b 3fa417aa 3f90c5b8 3fa703a1 3f8d670b 3fa5aff7 3f89b7ff 3fa52876 3f85baac 3fa4a0f3 3f817157 3fa23c7e 3f79bcdd 3f9f96f4 3f700919 3fa1fb69 3f65cce8 3f9ba315 3f5b0e1b 3f9ad360 3f4fd2c9 3f97eaf7 3f442159 3f93aee5 3f38006e 3f903efb 3f2b76ef 3f8e1f2b 3f1e8bf9 3f8bbab6 3f1146e7 3f85e9e6 3f03af42 3f801914 3eeb9987 3f759bfd 3ecf4ea1 3f6a8015 3eb28de8 3f5f60a2 3e9567b1 3f54ce01 3e6fd91c 3f4928d2 3e345a85 3f3e8f19 3df0ead3 3f32e9e8 3d712f5f 3f28502f 26045e1f 3f1a0739 bd712f5f 3f0bbe44 bdf0ead3 3f009b41 be345a85 3eec0311 be6fd91c 3ebe8f19 be9567b1 3eaa6e35 beb28de8 3e823aab becf4ea1 3e492c60 beeb9987 3e09b58f bf03af42 3d9cd932 bf1146e7 3cdcde2f bf1e8bf9 bcecb21b bf2b76ef bd9ca054 bf38006e be121143 bf442159 be57f780 bf4fd2c9 be89a03c bf5b0e1b bead97b5 bf65cce8 bed2a1c3 bf700919 bee6c9c1 bf79bcdd bf066fa1 bf817157 bf0eeb52 bf85baac bf1f5250 bf89b7ff bf263ccf bf8d670b bf35913a bf90c5b8 bf478cf6 bf93d21b bf57f3f4 bf968a7a bf5dcbe2 bf98ed48 bf6da606 bf9af92b bf70ddbd bf9cacf8 bf7d8e65 bf9e07b7 bf8347e8 bf9f08a5 bf895d5f bf9faf2d bf8d11ed bf9ffaf3 bf90839f bf9febca bf95ccef bf9f81bc bf9b163d bf9ebd05 bf987607 bf9d9e14 bf9c6d74 bf9c258d bf9e8b7d bf9a5446 bfa1b6c3 bf982b47 bfa45a88 bf95abcb bfa4a0f3 bf92d73b bfa45e15 bf8faf36 bfa5b1bd bf8c3586 bfa41b38 bf886c24 bfa3d694 bf845539 bfa30c34 bf7fe62a bfa241d4 bf769072 bfa023cc bf6cae95 bf9e4a66 bf624630 bf9a4f6b bf575d30 bf98332a bf4bf9c7 bf93f38a bf40226d bf92e814 bf33dddf bf8f7662 bf273315 bf8b7d2e bf1a2943 bf87411c bf0cc7d2 bf81f279 befe2cb7 bf7b705b bee23952 bf77c4b0 bec5c559 bf6b9637 bea8e0f6 bf5cbcdc be8b9c97 bf55574b be5c11bc bf44e932 be206d32 bf3c749e bdc8daf5 bf2e281b bd20d2b6 bf230c34 3ca0d7cb bf1548fb 3da0be65 bf09a758 3e0c75be bef9e646 3e483c72 bed3bb6f 3e81c8ac bebb6599 3e9f295a be987279 3ebc2f91 be77b2ea 3ed8cad3 be3c69f3 3ef4eadb bdf13544 3f083fd7 bd6cb21b 3f15bcd0 bc05bb3c 3f22e4ad 3d323030 3f2faff3 3dbeb9c1 3f3c175f 3e2fd22d 3f4813e1 3e66d0da 3f539eac 3e92185f 3f5eb12d 3ebc7f47 3f69451d 3edb2f37 3f735475 3f00b095 3f7cd980 3f05f102 3f82e76a 3f12a1a9 3f8717ad 3f228678 3f8afb26 3f3049b0 3f8e8fa1 3f394790 3f91d314 3f4b4a66 3f94c3a5 3f57fe9c 3f975fa8 3f63a3cf 3f99a5a2 3f6c1863 3f9b9446 3f7737d8 3f9d2a7c 3f812ba6 3f9e675f 3f8742e4 3f9f4a38 3f89e6a7 3f9fd288 3f8c45c7 3fa00000 3f9081d9 3f9fd288 3f954733 3f9f4a38 3f99c7ea 3f9e675f 3f9a9249 3f9d2a7c 3f9cf331 3f9b9446 3f9e006c 3f99a5a2 3f9e8628 3f975fa8 3fa30a6d 3f94c3a5 3fa6c0c4 3f91d314 3fa5f49c 3f8e8fa1 3fa49f2d 3f8afb26 3fa4e3d2 3f8717ad 3fa5aff7 3f82e76a 3fa308a5 3f7cd980 3f9f96f4 3f735475 3f9f5415 3f69451d 3f9be5f3 3f5eb12d 3f9dba02 3f539eac 3f96ddba 3f4813e1 3f94bdea 3f3c175f 3f9190dd 3f2faff3 3f8ddc4e 3f22e4ad 3f8aaf40 3f15bcd0 3f863051 3f083fd7 3f82371d 3ef4eadb 3f7ae711 3ed8cad3 3f715fea 3ebc2f91 3f66c9c1 3e9f295a 3f5d4297 3e81c8ac 3f54c6e7 3e483c72 3f42cb29 3e0c75be 3f3c69f3 3da0be65 3f274845 3ca0d7cb 3f1a0e55 bd20d2b6 3f129e1b bdc8daf5 3f03cbdd be206d32 3ee3a03f be5c11bc 3ece6ccc be8b9c97 3eab87e5 bea8e0f6 3e9323d6 bec5c559 3e51b2b9 bee23952 3e3608be befe2cb7 3dd805b9 bf0cc7d2 3d29d47d bf1a2943 bb022d4f bf273315 bd42e799 bf33dddf bded23da bf40226d be3e8f19 bf4bf9c7 be82338f bf575d30 beaa671b bf624630 bec5ed8c bf6cae95 bedb2102 bf769072 bef9d80e bf7fe62a bf0bbe44 bf845539 bf1b163d bf886c24 bf2853bc bf8c3586 bf3725f8 bf8faf36 bf43da2e bf92d73b bf4f7f5e bf95abcb bf5b248f bf982b47 bf675309 bf9a5446 bf6ebc27 bf9c258d bf77bd94 bf9d9e14 bf849804 bf9ebd05 bf86b7d4 bf9f81bc bf8c02e9 bf9febca bf8eaa3c bf9ffaf3 bf92a1a9 bf9faf2d bf972097 bf9f08a5 bf9a9081 bf9e07b7 bf9d37d5 bf9cacf8 bfa0203d bf9af92b bfa13108 bf98ed48 bfa1fd2e bf968a7a bfa132d0 bf93d21b bfa41b38 bf90c5b8 bfa4a2ba bf8d670b bfa41b38 bf89b7ff bfa4a2ba bf85baac bfa3d694 bf817157 bfa1fd2e bf79bcdd bfa3d4cc bf700919 bf9c6bae bf65cce8 bf9b658c bf5b0e1b bf965470 bf4fd2c9 bf943668 bf442159 bf92a1a9 bf38006e bf932cb9 bf2b76ef bf8f782a bf1e8bf9 bf86fab2 bf1146e7 bf86bb62 bf03af42 bf80a25d beeb9987 bf77bd94 becf4ea1 bf6e366d beb28de8 bf64b2d2 be9567b1 bf588459 be6fd91c bf4703ad be345a85 bf3d8013 bdf0ead3 bf315527 bd712f5f bf2a78e0 00000000 bf19850b 3d712f5f bf0c4b1b 3df0ead3 befd08ab 3e345a85 bede519c 3e6fd91c bec2cb29 3e9567b1 bea744b8 3eb28de8 be878233 3ecf4ea1 be55d25c 3eeb9987 be187279 3f03af42 bdba5306 3f1146e7 bd20ce2d 3f1e8bf9 3d07f3f0 3f2b76ef 3da99b9f 3f38006e 3de48f47 3f442159 3e4f8d96 3f4fd2c9 3e8ab2cf 3f5b0e1b 3eada5ed 3f65cce8 3ed80cd5 3f700919 3ef17540 3f79bcdd 3f045c43 3f817157 3f0b34fb 3f85baac 3f1c28d0 3f89b7ff 3f2a7553 3f8d670b 3f3b6926 3f90c5b8 3f4ce642 3f93d21b 3f52b387 3f968a7a 3f5cc06a 3f98ed48 3f69fde7 3f9af92b 3f740aca 3f9cacf8 3f801ca2 3f9e07b7 3f8347e8 3f9f08a5 3f880b7c 3f9faf2d 3f8d13b4 3f9ffaf3 3f910ce9 3f9febca 3f94382e 3f9f81bc 3f98743f 3f9ebd05 3f9a0ac6 3f9d9e14 3f9dbf55 3f9c258d 3fa02203 3f9a5446 3fa0ea9d 3f982b47 3fa1b6c4 3f95abcb 3fa3d4cc 3f92d73b 3fa1b4fc 3f8faf36 3fa16e91 3f8c3586 3fa8146b 3f886c24 3fa8146b 3f845539 3fa306de 3f7fe62a 3fa1f9a1 3f769072 3fa1b6c4 3f6cae95 3f9ba315 3f624630 3f9ad360 3f575d30 3f97653b 3f4bf9c7 3f95456c 3f40226d 3f929fe1 3f33dddf 3f8ffa56 3f273315 3f8c88a4 3f1a2943 3f884c93 3f0cc7d2 3f82be9f 3efe2cb7 3f7aeaa1 3ee23952 3f7621b8 3ec5c559 3f6b8b8b 3ea8e0f6 3f5fe65c 3e8b9c97 3f55502f 3e5c11bc 3f4a30b9 3e206d32 3f38388b 3dc8daf5 3f304296 3d20d2b6 3f273d9b bca0d7cb 3f0f7828 bda0be65 3f0f69f1 be0c75be 3ef05475 be483c72 3ed4c6e7 be81c8ac 3eb834fe be9f295a 3e9ba315 bebc2f91 3e7e1420 bed8cad3 3e3e8f19 bef4eadb 3e012f35 bf083fd7 3d9cbcc3 bf15bcd0 3c98ab58 bf22e4ad bd4ad18e bf2faff3 bddc1723 bf3c175f be381fab bf4813e1 be79c9d8 bf539eac be9a8966 bf5eb12d beb82de0 bf69451d bed7f064 bf735475 bef4896a bf7cd980 bf05642b bf82e76a bf15cb27 bf8717ad bf21f9a1 bf8afb26 bf30cbde bf8e8fa1 bf3b6599 bf91d314 bf470ac9 bf94c3a5 bf598c41 bf975fa8 bf5f642e bf99a5a2 bf6b095e bf9b9446 bf784350 bf9d2a7c bf816cbd bf9e675f bf8a2430 bf9f4a38 bf8c4400 bf9fd288 bf8fb5b2 bfa00000 bf8f7662 bf9fd288 bf93b273 bf9f4a38 bf9657ff bf9e675f bf9be42c bf9d2a7c bfa0203d bf9b9446 bfa0203d bf99a5a2 bfa45a88 bf975fa8 bf9ed3b1 bf94c3a5 bfa56d1b bf91d314 bfa56d1b bf8e8fa1 bfa5b1bd bf8afb26 bfa3d85a bf8717ad bfa41b38 bf82e76a bfa3d694 bf7cd980 bfa2c78e bf735475 bfa066a9 bf69451d bf99c622 bf5eb12d bf99cd3f bf539eac bf95456c bf4813e1 bf93292a bf3c175f bf91946b bf2faff3 bf8d9b37 bf22e4ad bf8ab2cf bf15bcd0 bf849803 bf083fd7 bf849d59 bef4eadb bf7b73eb bed8cad3 bf6c9e1d bebc2f91 bf6b107a be9f295a bf5d49b3 be81c8ac bf51a484 be483c72 bf43ddbb be0c75be bf372987 bda0be65 bf28dd04 bca0d7cb bf1cb219 3d20d2b6 bf0f749b 3dc8daf5 bf02c067 3e206d32 bee8e7c9 3e5c11bc bec812b0 3e8b9c97 beab80c8 3ea8e0f6 be932af2 3ec5c559 be715fea 3ee23952 be3e8f19 3efe2cb7 bde4abb6 3f0cc7d2 bd6ceafa 3f1a2943 3c4d0a42 3f273315 3d53d7df 3f33dddf 3ddc5002 3f40226d 3e4f9bcd 3f4bf9c7 3e856b47 3f575d30 3ea0f1b9 3f624630 3ebc782b 3f6cae95 3edd4d42 3f769072 3ef8d3b5 3f7fe62a 3f089137 3f845539 3f17ecbe 3f886c24 3f274846 3f8c3586 3f33fc7b 3f8faf36 3f3fa1ab 3f92d73b 3f522dcd 3f95abcb 3f5c3aaf 3f982b47 3f6a0177 3f9a5446 3f762c62 3f9c258d 3f7fb388 3f9d9e14 3f8458b4 3f9ebd05 3f880d44 3f9f81bc 3f8c4955 3f9febca 3f8ffde4 3f9ffaf3 3f932af2 3f9faf2d 3f965638 3f9f08a5 3f998345 3f9e07b7 3f97a48b 3f9cacf8 3fa066a8 3f9af92b 3fa1b88a 3f98ed48 3fa1b6c4 3f968a7a 3fa308a5 3f93d21b 3fa4e3d2 3f90c5b8 3fa4e3d2 3f8d670b 3fa417aa 3f89b7ff 3fa52876 3f85baac 3fa1f9a1 3f817157 3fa56ee1 3f79bcdd 3fa01ae9 3f700919 3fa0631a 3f65cce8 3f9b5ca9 3f5b0e1b 3f98f9fc 3f4fd2c9 3f95028e 3f442159 3f932764 3f38006e 3f8ea874 3f2b76ef 3f8e6209 3f1e8bf9 3f88d5dc 3f1146e7 3f81b329 3f03af42 3f80a097 3eeb9987 3f78c57c 3ecf4ea1 3f6c14d5 3eb28de8 3f628dac 3e9567b1 3f56e87d 3e6fd91c 3f4abd91 3e345a85 3f3f1861 3df0ead3 3f336fa3 3d712f5f 3f27ca73 26045e1f 3f1b9f86 bd712f5f 3f0d5304 bdf0ead3 3efe1420 be345a85 3eda1ca7 be6fd91c 3ec7001e be9567b1 3e9dc83a beb28de8 3e8bbe44 becf4ea1 3e5e4a80 beeb9987 3e165b8d bf03af42 3db6252c bf1146e7 3d2962bf bf1e8bf9 bca8f102 bf2b76ef bda51878 bf38006e be0dd532 bf442159 be57e949 bf4fd2c9 be8bb72a bf5b0e1b bea63941 bf65cce8 bed4bfcb bf700919 beec1147 bf79bcdd bf05e658 bf817157 bf089be2 bf85baac bf1d37d5 bf89b7ff bf2d1588 bf8d670b bf40a605 bf90c5b8 bf489bfa bf93d21b bf52ac6c bf968a7a bf5cbcdc bf98ed48 bf6d204a bf9af92b bf72727d bf9cacf8 bf79df2a bf9e07b7 bf84dca7 bf9f08a5 bf88d5dc bf9faf2d bf8d9970 bf9ffaf3 bf9192a4 bf9febca bf93f551 bf9f81bc bf98fbc2 bf9ebd05 bf9d360c bf9d9e14 bf9dbf56 bf9c258d bfa0ea9d bf9a5446 bf9fdf26 bf982b47 bfa175ad bf95abcb bfa34f11 bf92d73b bfa41b38 bf8faf36 bfa41b38 bf8c3586 bfa4e598 bf886c24 bfa41b38 bf845539 bfa30c34 bf7fe62a bfa2400c bf769072 bfa066a9 bf6cae95 bf9cb219 bf624630 bf9ad8b4 bf575d30 bf97225e bf4bf9c7 bf93f38a bf40226d bf925ecb bf33dddf bf8eeee0 bf273315 bf8b3a50 bf1a2943 bf880d44 bf0cc7d2 bf80e374 befe2cb7 bf7b705b bee23952 bf71e935 bec5c559 bf6ec6d1 bea8e0f6 bf64b662 be8b9c97 bf59112f be5c11bc bf4e7b04 be206d32 bf38316e bdc8daf5 bf2d1917 bd20d2b6 bf1caafd 3ca0d7cb bf12185f 3da0be65 bf0cd464 3e0c75be befc044f 3e483c72 bed08ad4 3e81c8ac beba5306 3e9f295a be9a9081 3ebc2f91 be77b2ea 3ed8cad3 be3a44ce 3ef4eadb bdfdf7b1 3f083fd7 bd98560a 3f15bcd0 bc069eb8 3f22e4ad 3d323030 3f2faff3 3db6252e 3f3c175f 3e20ea9d 3f4813e1 3e606fa4 3f539eac 3e88868e 3f5eb12d 3ebd8abe 3f69451d 3edf7267 3f735475 3eed23da 3f7cd980 3f0785c0 3f82e76a 3f1657ff 3f8717ad 3f252dc9 3f8afb26 3f32f103 3f8e8fa1 3f3adfdd 3f91d314 3f4ac11e 3f94c3a5 3f57fe9c 3f975fa8 3f63a3cf 3f99a5a2 3f6f48fe 3f9b9446 3f7737d8 3f9d2a7c 3f80a425 3f9e675f 3f8853af 3f9f4a38 3f8ab2cf 3f9fd288 3f8e22b8 3fa00000 3f910b22 3f9fd288 3f947b0d 3f9f4a38 3f98b8e5 3f9e675f 3f9b19ca 3f9d2a7c 3f9a4bdd 3f9b9446 3f9e0235 3f99a5a2 3fa01e76 3f975fa8 3fa391ee 3f94c3a5 3fa81634 3f91d314 3fa4e598 3f8e8fa1 3fa4e3d2 3f8afb26 3fa5aff7 3f8717ad 3fa45c4e 3f82e76a 3fa28124 3f7cd980 3fa17220 3f735475 3f9fdb98 3f69451d 3f9d7ab2 3f5eb12d 3f9a4bde 3f539eac 3f96dbf3 3f4813e1 3f95456c 3f3c175f 3f90c67d 3f2faff3 3f8dde14 3f22e4ad 3f8a27be 3f15bcd0 3f86b7d4 3f083fd7 3f83cbdd 3ef4eadb 3f7ae711 3ed8cad3 3f6fcb2d 3ebc2f91 3f66c9c1 3e9f295a 3f5cb94f 3e81c8ac 3f522321 3e483c72 3f42456e 3e0c75be 3f3d78f7 3da0be65 3f26c28a 3ca0d7cb 3f1a940f bd20d2b6 3f118f16 bdc8daf5 3f02bcd9 be206d32 3ee6c9c1 be5c11bc 3ec0bb59 be8b9c97 3ea969dc bea8e0f6 3e8ab9ea bec5c559 3e758dc5 bee23952 3e3a44ce befe2cb7 3ded23da bf0cc7d2 3d7e1420 bf1a2943 bca87f44 bf273315 bd4b434c bf33dddf be0ba1d6 bf40226d be3e80e1 bf4bf9c7 be759bfd bf575d30 bea51f91 bf624630 bec2cb29 bf6cae95 bedd4626 bf769072 bef7c122 bf7fe62a bf0e5e7b bf845539 bf1a9081 bf886c24 bf2853bc bf8c3586 bf3507f0 bf8faf36 bf4350e3 bf92d73b bf4e7059 bf95abcb bf5b248f bf982b47 bf6534ff bf9a5446 bf6f456f bf9c258d bf75a319 bf9d9e14 bf84dae1 bf9ebd05 bf85ed73 bf9f81bc bf8ccd49 bf9febca bf8eed19 bf9ffaf3 bf936c07 bf9faf2d bf97eaf7 bf9f08a5 bf9ad526 bf9e07b7 bf9cf32e bf9cacf8 bf9f1138 bf9af92b bfa0a986 bf98ed48 bfa2400c bf968a7a bfa393b6 bf93d21b bfa393b6 bf90c5b8 bfa4a2ba bf8d670b bfa56d1b bf89b7ff bfa63779 bf85baac bfa3957c bf817157 bfa1ba51 bf79bcdd bf9d81ce bf700919 bfa1b6c3 bf65cce8 bf98b557 bf5b0e1b bf99066d bf4fd2c9 bf93f38a bf442159 bf9439f6 bf38006e bf8ffc1e bf2b76ef bf8e6924 bf1e8bf9 bf8a2b4c bf1146e7 bf85ac5e bf03af42 bf81b329 beeb9987 bf78cc98 becf4ea1 bf6e366d beb28de8 bf65c1d7 be9567b1 bf5a1ca4 be6fd91c bf511ec7 be345a85 bf3e095b bdf0ead3 bf30cbde bd712f5f bf26befd 00000000 bf18fbc2 3d712f5f bf0aaf40 3df0ead3 bef6a772 3e345a85 beda0e6f 3e6fd91c bebc69f3 3e9567b1 bea0e380 3eb28de8 be833f05 3ecf4ea1 be53bb6f 3eeb9987 be20ea9d 3f03af42 bdbe80e1 3f1146e7 bd903336 3f1e8bf9 3d108883 3f2b76ef 3d94449f 3f38006e 3e0de36a 3f442159 3e5805b9 3f4fd2c9 3e8de36a 3f5b0e1b 3eac9a77 3f65cce8 3ece7b04 3f700919 3ee8eee5 3f79bcdd 3efe1b3c 3f817157 3f0f782a 3f85baac 3f1e4a68 3f89b7ff 3f30d688 3f8d670b 3f394790 3f90c5b8 3f48a6a4 3f93d21b 3f544847 3f968a7a 3f6185c6 3f98ed48 3f69fde7 3f9af92b 3f75a319 3f9cacf8 3f84e3c4 3f9e07b7 3f85ac5e 3f9f08a5 3f8783fb 3f9faf2d 3f8bbe44 3f9ffaf3 3f90c843 3f9febca 3f947cd3 3f9f81bc 3f987608 3f9ebd05 3f9b5e70 3f9d9e14 3f9e489f 3f9c258d 3f9f55de 3f9a5446 3fa0203d 3f982b47 3fa12d7b 3f95abcb 3fa28124 3f92d73b 3fa0e8d6 3f8faf36 3fa1b336 3f8c3586 3fa96815 3f886c24 3fa6c0c4 3f845539 3fa2c5c8 3f7fe62a 3fa12d7b 3f769072 3fa0a7c0 3f6cae95 3f9be42c 3f624630 3f987279 3f575d30 3f97a653 3f4bf9c7 3f95456c 3f40226d 3f92185f 3f33dddf 3f8eeb52 3f273315 3f8c0122 3f1a2943 3f8809b6 3f0cc7d2 3f82be9f 3efe2cb7 3f7d051b 3ee23952 3f772d30 3ec5c559 3f6b8b8b 3ea8e0f6 3f5d4626 3e8b9c97 3f55d978 3e5c11bc 3f481640 3e206d32 3f3e05ce 3dc8daf5 3f32609f 3d20d2b6 3f295ba4 bca0d7cb 3f1192a4 bda0be65 3f0aabb3 be0c75be 3ef2727d be483c72 3ed3c28c be81c8ac 3eb50b7e be9f295a 3e99850b bebc2f91 3e812818 bed8cad3 3e4d5a39 bef4eadb 3df5b86d bf083fd7 3d6d9597 bf15bcd0 bb83f445 bf22e4ad bd18399a bf2faff3 bdc2cb29 bf3c175f be273d9b bf4813e1 be64abb6 bf539eac be975fe7 bf5eb12d beba4beb bf69451d bed6e4ef bf735475 bef594e0 bf7cd980 bf089137 bf82e76a bf165470 bf8717ad bf25ac69 bf8afb26 bf2fbcdb bf8e8fa1 bf38c1d4 bf91d314 bf508ad7 bf94c3a5 bf533943 bf975fa8 bf653172 bf99a5a2 bf704d59 bf9b9446 bf784350 bf9d2a7c bf82371d bf9e675f bf88d24e bf9f4a38 bf8b36c3 bf9fd288 bf8ffa56 bfa00000 bf8f7662 bf9fd288 bf92a36f bf9f4a38 bf9657ff bf9e675f bf9c2709 bf9d2a7c bf9ece5a bf9b9446 bf9f57a4 bf99a5a2 bfa45a88 bf975fa8 bfa1fd2e bf94c3a5 bfa5aff9 bf91d314 bfa67a57 bf8e8fa1 bfa4e598 bf8afb26 bfa28678 bf8717ad bfa350d9 bf82e76a bfa241d4 bf7cd980 bfa1ba51 bf735475 bf9ed1e9 bf69451d bf98fbc2 bf5eb12d bf9a940f bf539eac bf954733 bf4813e1 bf93f718 bf3c175f bf91518d bf2faff3 bf8eac02 bf22e4ad bf8da08c bf15bcd0 bf86fe3f bf083fd7 bf82c22d bef4eadb bf77bd94 bed8cad3 bf6fceba bebc2f91 bf64af44 be9f295a bf598fcf be81c8ac bf4ef9a1 be483c72 bf42456f be0c75be bf36a03e bda0be65 bf2b8458 bca0d7cb bf1d37d5 3d20d2b6 bf10839f 3dc8daf5 bf03cf6b 3e206d32 beec1863 3e5c11bc bec2bcf1 3e8b9c97 beafbcdb 3ea8e0f6 be8ee7c3 3ec5c559 be75aa35 3ee23952 be295488 3efe2cb7 bddc1724 3f0cc7d2 bd7e1420 3f1a2943 3c6e7912 3f273315 3d64c826 3f33dddf 3dfe4d00 3f40226d 3e2d9ed1 3f4bf9c7 3e845fcf 3f575d30 3e942f4b 3f624630 3eb94074 3f6cae95 3eeb1b25 3f769072 3efbfd33 3f7fe62a 3f09a03c 3f845539 3f176703 3f886c24 3f2308a5 3f8c3586 3f39d467 3f8faf36 3f4248fd 3f92d73b 3f511ec7 3f95abcb 3f59935c 3f982b47 3f642988 3f9a5446 3f72fbc8 3f9c258d 3f7ea485 3f9d9e14 3f83d131 3f9ebd05 3f880f0a 3f9f81bc 3f8c4955 3f9febca 3f8fb93f 3f9ffaf3 3f92e64d 3f9faf2d 3f969add 3f9f08a5 3f998345 3f9e07b7 3f9b19ca 3f9cacf8 3fa0ee2a 3f9af92b 3fa0a7c0 3f98ed48 3fa0631a 3f968a7a 3fa6c28a 3f93d21b 3fa5f49c 3f90c5b8 3fa3d4cc 3f8d670b 3fa74846 3f89b7ff 3fa52876 3f85baac 3fa3d4cc 3f817157 3f9dfea7 3f79bcdd 3f9dfea7 3f700919 3f9dbbc8 3f65cce8 3f98b8e5 3f5b0e1b 3f9935bd 3f4fd2c9 3f95ceb5 3f442159 3f914fc6 3f38006e 3f91095b 3f2b76ef 3f8ccd49 3f1e8bf9 3f8bbab6 3f1146e7 3f85642b 3f03af42 3f80a097 3eeb9987 3f77344a 3ecf4ea1 3f7050e8 3eb28de8 3f63a03f 3e9567b1 3f5880cb 3e6fd91c 3f4cd80d 3e345a85 3f3f9e1b 3df0ead3 3f32642e 3d712f5f 3f2744b8 26045e1f 3f1a9081 bd712f5f 3f0ddc4e bdf0ead3 3efd08a9 be345a85 3ee39924 be6fd91c 3ec5f4a9 be9567b1 3eac8c40 beb28de8 3e834d3d becf4ea1 3e4f8d95 beeb9987 3e121f7b bf03af42 3dadad0b bf1146e7 3ced9597 bf1e8bf9 bca8f102 bf2b76ef bda0ce2d bf38006e be142830 bf442159 be5c255a bf4fd2c9 be8894c6 bf5b0e1b beaa6e35 bf65cce8 becf7842 bf700919 beed1cbd bf79bcdd bf034621 bf817157 bf10839f bf85baac bf21f614 bf89b7ff bf26c28a bf8d670b bf394400 bf90c5b8 bf43ddbb bf93d21b bf544129 bf968a7a bf64a82a bf98ed48 bf6c9a8f bf9af92b bf70ddbd bf9cacf8 bf801914 bf9e07b7 bf83cf6b bf9f08a5 bf895d5f bf9faf2d bf8d9970 bf9ffaf3 bf90839f bf9febca bf94bfb1 bf9f81bc bf98b71e bf9ebd05 bf9d78ea bf9d9e14 bf9a0e55 bf9c258d bf9ed021 bf9a5446 bfa0a986 bf982b47 bfa30a6d bf95abcb bfa45e15 bf92d73b bfa5aff9 bf8faf36 bfa4e598 bf8c3586 bfa4e598 bf886c24 bfa41b38 bf845539 bfa41b38 bf7fe62a bfa2c78e bf769072 bf9f9c49 bf6cae95 bf9e4a66 bf624630 bf99c7ea bf575d30 bf965638 bf4bf9c7 bf93b0ad bf40226d bf92e814 bf33dddf bf8e6597 bf273315 bf8b388a bf1a2943 bf8783fb bf0cc7d2 bf812818 befe2cb7 bf7bf9a4 bee23952 bf71637a bec5c559 bf6e3d87 bea8e0f6 bf642d18 be8b9c97 bf52aff9 be5c11bc bf492c60 be206d32 bf37226b bdc8daf5 bf2e281b bd20d2b6 bf27d51c 3ca0d7cb bf16e147 3da0be65 bf0de6f7 3e0c75be bef37df5 3e483c72 bed08ad4 3e81c8ac beb94790 3e9f295a be997def 3ebc2f91 be77b2ea 3ed8cad3 be382de3 3ef4eadb be055d0e 3f083fd7 bd942831 3f15bcd0 bc069eb8 3f22e4ad 3d18ab58 3f2faff3 3dc2e799 3f3c175f 3e1a979e 3f4813e1 3e68f5ff 3f539eac 3e8aabb2 3f5eb12d 3ebe9d51 3f69451d 3edd545c 3f735475 3ef6b5ac 3f7cd980 3f0676bc 3f82e76a 3f1439f6 3f8717ad 3f23957c 3f8afb26 3f3158b6 3f8e8fa1 3f3a5693 3f91d314 3f4ac11e 3f94c3a5 3f590da1 3f975fa8 3f642988 3f99a5a2 3f6d2767 3f9b9446 3f77c122 3f9d2a7c 3f81b329 3f9e675f 3f8456ed 3f9f4a38 3f89e6a7 3f9fd288 3f8dde14 3fa00000 3f925ecb 3f9fd288 3f947b0d 3f9f4a38 3f98743f 3f9e675f 3f9d399c 3f9d2a7c 3fa0eff1 3f9b9446 3fa0ec64 3f99a5a2 3fa2400d 3f975fa8 3fa2c78e 3f94c3a5 3fa28124 3f91d314 3fa308a5 3f8e8fa1 3fa39028 3f8afb26 3fa526ae 3f8717ad 3fa4e3d2 3f82e76a 3fa34d4a 3f7cd980 3fa34f11 3f735475 3f9f0f72 3f69451d 3f9e006e 3f5eb12d 3f9b5ae2 3f539eac 3f95061c 3f4813e1 3f9500c7 3f3c175f 3f92185f 3f2faff3 3f8e63d0 3f22e4ad 3f895d5f 3f15bcd0 3f85ebad 3f083fd7 3f816cbd 3ef4eadb 3f77bd94 3ed8cad3 3f715fea 3ebc2f91 3f67d8c5 3e9f295a 3f5c3394 3e81c8ac 3f54c6e7 3e483c72 3f456eee 3e0c75be 3f3e0241 3da0be65 3f285749 3ca0d7cb 3f176a91 bd20d2b6 3f0eeb52 bdc8daf5 3f012818 be206d32 3ee8e7c9 be5c11bc 3ebd91d9 be8b9c97 3eab87e5 bea8e0f6 3e8cd0d7 bec5c559 3e7151b4 bee23952 3e3a44ce befe2cb7 3e0112c5 bf0cc7d2 3d878233 bf1a2943 bc280d87 bf273315 bd6d23da bf33dddf be098ae8 bf40226d be3a5306 bf4bf9c7 be855d0f bf575d30 bea95488 bf624630 bec4e216 bf6cae95 beda158b bf769072 befae385 bf7fe62a bf0ee7c4 bf845539 bf1b9f86 bf886c24 bf27ce01 bf8c3586 bf32642e bf8faf36 bf42cb29 bf92d73b bf4de711 bf95abcb bf5880cb bf982b47 bf6534ff bf9a5446 bf70da30 bf9c258d bf7737d8 bf9d9e14 bf851f85 bf9ebd05 bf8918ba bf9f81bc bf8d97a8 bf9febca bf8d9b37 bf9ffaf3 bf91d749 bf9faf2d bf965638 bf9f08a5 bf9a4da3 bf9e07b7 bf9c6bae bf9cacf8 bf9e8b7d bf9af92b bfa066a9 bf98ed48 bfa1b88a bf968a7a bfa34f11 bf93d21b bfa4a0f3 bf90c5b8 bfa41b38 bf8d670b bfa5b1bd bf89b7ff bfa4e598 bf85baac bfa41b38 bf817157 bf9f5b33 bf79bcdd bf9ed3b1 bf700919 bfa175ad bf65cce8 bf982dd5 bf5b0e1b bf98baac bf4fd2c9 bf95ceb5 bf442159 bf921a26 bf38006e bf919632 bf2b76ef bf8d5859 bf1e8bf9 bf885021 bf1146e7 bf86bb62 bf03af42 bf823aab beeb9987 bf79db9d becf4ea1 bf6e366d beb28de8 bf66d0da be9567b1 bf5d49b3 be6fd91c bf511ec7 be345a85 bf41c341 bdf0ead3 bf2f3393 bd712f5f bf2526ae 00000000 bf187608 3d712f5f bf0aaf40 3df0ead3 bef6a772 3e345a85 bedd3f0a 3e6fd91c bec0ad21 3e9567b1 bea308a5 3eb28de8 be845198 3ecf4ea1 be4f7125 3eeb9987 be1a8967 3f03af42 bdc2cb29 3f1146e7 bd903336 3f1e8bf9 3d07f3f0 3f2b76ef 3d9cd932 3f38006e 3e09a758 3f442159 3e5805b9 3f4fd2c9 3e8ef5fc 3f5b0e1b 3eada5ed 3f65cce8 3ed91f67 3f700919 3eea0177 3f79bcdd 3f02c3f4 3f817157 3f0d5692 3f85baac 3f1b9f86 3f89b7ff 3f29ec08 3f8d670b 3f3b6926 3f90c5b8 3f4bd3b1 3f93d21b 3f52aff9 3f968a7a 3f5ede72 3f98ed48 3f6ca53a 3f9af92b 3f738182 3f9cacf8 3f801ca2 3f9e07b7 3f84140f 3f9f08a5 3f88d7a3 3f9faf2d 3f8ddfdb 3f9ffaf3 3f926092 3f9febca 3f94bfb1 3f9f81bc 3f983163 3f9ebd05 3f9a0ac6 3f9d9e14 3f9dbf55 3f9c258d 3fa0a986 3f9a5446 3fa12f42 3f982b47 3fa1fb69 3f95abcb 3fa308a5 3f92d73b 3fa1b4fc 3f8faf36 3fa0e8d6 3f8c3586 3fa92538 3f886c24 3fa6c0c4 3f845539 3fa2c5c8 3f7fe62a 3fa28124 3f769072 3fa1b6c4 3f6cae95 3f9a940f 3f624630 3f9a484f 3f575d30 3f96ddba 3f4bf9c7 3f94bdea 3f40226d 3f925d03 3f33dddf 3f8f72d4 3f273315 3f8bbe44 3f1a2943 3f8809b6 3f0cc7d2 3f834621 3efe2cb7 3f7e1420 3ee23952 3f7621b8 3ec5c559 3f6b05d1 3ea8e0f6 3f5e519c 3e8b9c97 3f53bb6f 3e5c11bc 3f489bfa 3e206d32 3f3e05ce 3dc8daf5 3f32e65b 3d20d2b6 3f273d9b bca0d7cb 3f132764 bda0be65 3f099cae be0c75be 3eeb0ced be483c72 3ed2aff9 be81c8ac 3eb50b7e be9f295a 3e965b8d bebc2f91 3e79e646 bed8cad3 3e53ad39 bef4eadb 3df9e646 bf083fd7 3d8370c8 bf15bcd0 bbc6d1e4 bf22e4ad bd20954e bf2faff3 bdd7e949 bf3c175f be2fa785 bf4813e1 be758dc5 bf539eac be9cae8c bf5eb12d beb616f4 bf69451d bed6e4ef bf735475 bef26b62 bf7cd980 bf0807ee bf82e76a bf15cb27 bf8717ad bf21f9a1 bf8afb26 bf2eb164 bf8e8fa1 bf37b2d0 bf91d314 bf457609 bf94c3a5 bf56e87d bf975fa8 bf5f642e bf99a5a2 bf6dad25 bf9b9446 bf794ec5 bf9d2a7c bf82371d bf9e675f bf8916f3 bf9f4a38 bf8b79a0 bf9fd288 bf908011 bfa00000 bf910b22 bf9fd288 bf92a537 bf9f4a38 bf97ecbe bf9e675f bf9be42c bf9d2a7c bf9f98ba bf9b9446 bfa0203d bf99a5a2 bfa417aa bf975fa8 bfa132d0 bf94c3a5 bfa02591 bf91d314 bfa3957c bf8e8fa1 bfa5f49b bf8afb26 bfa41b38 bf8717ad bfa41cff bf82e76a bfa41b38 bf7cd980 bfa34d4a bf735475 bf9f5cf9 bf69451d bf9a0900 bf5eb12d bf9a979e bf539eac bf965470 bf4813e1 bf9548fb bf3c175f bf910ce9 bf2faff3 bf8e6597 bf22e4ad bf8b388a bf15bcd0 bf8674f6 bf083fd7 bf838e55 bef4eadb bf7d0c35 bed8cad3 bf71637a bebc2f91 bf65be49 be9f295a bf5c3aaf be81c8ac bf4f82ec be483c72 bf43ddbb be0c75be bf37b2d0 bda0be65 bf29ec08 bca0d7cb bf1b9f86 3d20d2b6 bf0ddc4e 3dc8daf5 bf001914 3e206d32 bee6c9c1 3e5c11bc bec7073c 3e8b9c97 beafbcdb 3ea8e0f6 be943668 3ec5c559 be6f48fe 3ee23952 be42d961 3efe2cb7 bde48f47 3f0cc7d2 bd7e1420 3f1a2943 bbca5fd1 3f273315 3d64c826 3f33dddf 3dd805b9 3f40226d 3e4faa05 3f4bf9c7 3e7376d8 3f575d30 3ea752ef 3f624630 3ec1c6cf 3f6cae95 3edf6b4a 3f769072 3efaeaa1 3f7fe62a 3f0c478e 3f845539 3f19850b 3f886c24 3f2a78e0 3f8c3586 3f350b7e 3f8faf36 3f4820e9 3f92d73b 3f4efd31 3f95abcb 3f5bb167 3f982b47 3f68eee5 3f9a5446 3f77c83e 3f9c258d 3f7bfd33 3f9d9e14 3f83d131 3f9ebd05 3f86b99b 3f9f81bc 3f8bc1d2 3f9febca 3f8f7662 3f9ffaf3 3f925d03 3f9faf2d 3f965638 3f9f08a5 3f98fbc2 3f9e07b7 3f986eeb 3f9cacf8 3f9c69e8 3f9af92b 3fa1fd30 3f98ed48 3fa30c34 3f968a7a 3fa30a6d 3f93d21b 3fa45e15 3f90c5b8 3fa45c4e 3f8d670b 3fa8146b 3f89b7ff 3fa5f49c 3f85baac 3fa52876 3f817157 3fa0e8d6 3f79bcdd 3f9ecacc 3f700919 3f9dbbc8 3f65cce8 3f98fd89 3f5b0e1b 3f99bf06 3f4fd2c9 3f96ddba 3f442159 3f92e64d 3f38006e 3f9190dd 3f2b76ef 3f8c04b0 3f1e8bf9 3f86fe3f 3f1146e7 3f838c8d 3f03af42 3f816af6 3eeb9987 3f78c90a 3ecf4ea1 3f6e32df 3eb28de8 3f64abb6 3e9567b1 3f590685 3e6fd91c 3f511091 3e345a85 3f4132db 3df0ead3 3f337330 3d712f5f 3f28d977 26045e1f 3f1b163d bd712f5f 3f0e6209 bdf0ead3 3eff187b be345a85 3edb281e be6fd91c 3ec7001e be9567b1 3e9dc83a beb28de8 3e834d3d becf4ea1 3e53bb6f beeb9987 3e165b8d bf03af42 3db6252c bf1146e7 3cdcde2f bf1e8bf9 bccad18e bf2b76ef bda51878 bf38006e be0dd532 bf442159 be5a0e6c bf4fd2c9 be8bbe44 bf5b0e1b bead9ed1 bf65cce8 bece6ccc bf700919 beed1cbd bf79bcdd bf012818 bf817157 bf0f749a bf85baac bf230518 bf89b7ff bf29664e bf8d670b bf35913a bf90c5b8 bf446377 bf93d21b bf565f33 bf968a7a bf5e519c bf98ed48 bf6d204a bf9af92b bf716708 bf9cacf8 bf7e9d6b bf9e07b7 bf83cf6b bf9f08a5 bf895d5f bf9faf2d bf8d9970 bf9ffaf3 bf90c845 bf9febca bf947b0c bf9f81bc bf99c45b bf9ebd05 bf9c2709 bf9d9e14 bf9f5415 bf9c258d bf9fdd60 bf9a5446 bf9f9a82 bf982b47 bfa284b1 bf95abcb bfa34f11 bf92d73b bfa4e598 bf8faf36 bfa52a3d bf8c3586 bfa52a3d bf886c24 bfa4a2ba bf845539 bfa30c34 bf7fe62a bfa241d4 bf769072 bfa0ab4d bf6cae95 bf9b5ca9 bf624630 bf99850b bf575d30 bf98ff51 bf4bf9c7 bf93292a bf40226d bf92a36f bf33dddf bf8fbb07 bf273315 bf8b7ef5 bf1a2943 bf8785c0 bf0cc7d2 bf82c067 befe2cb7 bf7e17ad bee23952 bf72fbc8 bec5c559 bf6d2e83 bea8e0f6 bf5e552a be8b9c97 bf5226b0 be5c11bc bf4928d2 be206d32 bf3fa537 bdc8daf5 bf3158b6 bd20d2b6 bf263ccf 3ca0d7cb bf14bfb1 3da0be65 bf0894c6 3e0c75be befaf1bd 3e483c72 becd5a3a 3e81c8ac beb616f4 3e9f295a be9a9081 3ebc2f91 be7376d8 3ed8cad3 be2fa785 3ef4eadb bdeceafa 3f083fd7 bd7546ae 3f15bcd0 bc280d87 3f22e4ad 3d213fea 3f2faff3 3dbeb9c1 3f3c175f 3e275a0b 3f4813e1 3e716e24 3f539eac 3e8ddc4e 3f5eb12d 3ebc7f47 3f69451d 3edd545c 3f735475 3f00ad07 3f7cd980 3f0676bc 3f82e76a 3f132764 3f8717ad 3f230c34 3f8afb26 3f3158b6 3f8e8fa1 3f3a5693 3f91d314 3f4c596d 3f94c3a5 3f56664f 3f975fa8 3f5f642f 3f99a5a2 3f6c1863 3f9b9446 3f76ae90 3f9d2a7c 3f80e701 3f9e675f 3f85a8cf 3f9f4a38 3f8a2986 3f9fd288 3f8eaa3c 3fa00000 3f92a36f 3f9fd288 3f94382e 3f9f4a38 3f95ccef 3f9e675f 3f9cb219 3f9d2a7c 3f9e03fa 3f9b9446 3f9ece5a 3f99a5a2 3fa0631a 3f975fa8 3fa30a6d 3f94c3a5 3fa41971 3f91d314 3fa9acb9 3f8e8fa1 3fa56b53 3f8afb26 3fa4e3d2 3f8717ad 3fa41971 3f82e76a 3fa391ee 3f7cd980 3fa23e46 3f735475 3f9e8628 3f69451d 3f9d3447 3f5eb12d 3f9b591a 3f539eac 3f947cd3 3f4813e1 3f947946 3f3c175f 3f91095b 3f2faff3 3f8ccd49 3f22e4ad 3f89a03c 3f15bcd0 3f86732f 3f083fd7 3f8129e0 3ef4eadb 3f79d80e 3ed8cad3 3f715fea 3ebc2f91 3f67d8c5 3e9f295a 3f5dc852 3e81c8ac 3f4f7f5e 3e483c72 3f3f1bef 3e0c75be 3f350b7e 3da0be65 3f31d3c8 3ca0d7cb 3f238ad2 bd20d2b6 3f0d5a20 bdc8daf5 3f01b163 be206d32 3ee8e7c9 be5c11bc 3ebd91d9 be8b9c97 3eaa7553 bea8e0f6 3e89a758 bec5c559 3e7376d8 bee23952 3e4097cd befe2cb7 3e0120fd bf0cc7d2 3d64c826 bf1a2943 bcb936ac bf273315 bd6ceafb bf33dddf bdf151b4 bf40226d be2b961d bf4bf9c7 be899204 bf575d30 bea4141c bf624630 bec1b897 bf6cae95 bed6ec09 bf769072 befd018f bf7fe62a bf0d5304 bf845539 bf1a9081 bf886c24 bf28dd04 bf8c3586 bf348236 bf8faf36 bf41bc26 bf92d73b bf508e63 bf95abcb bf5880cb bf982b47 bf6316f7 bf9a5446 bf705475 bf9c258d bf75a319 bf9d9e14 bf845527 bf9ebd05 bf895b97 bf9f81bc bf8e6209 bf9febca bf8f749a bf9ffaf3 bf92a1a9 bf9faf2d bf96ddba bf9f08a5 bf99c622 bf9e07b7 bf9cf32e bf9cacf8 bf9e46da bf9af92b bf9f57a4 bf98ed48 bfa2400c bf968a7a bfa3d694 bf93d21b bfa41b38 bf90c5b8 bfa45fdd bf8d670b bfa6befd bf89b7ff bfa63779 bf85baac bfa2c956 bf817157 bf9fe0ee bf79bcdd bf9d3ef0 bf700919 bf9fdf26 bf65cce8 bf993b12 bf5b0e1b bf99cd3f bf4fd2c9 bf97653b bf442159 bf958d9f bf38006e bf8ffa56 bf2b76ef bf8c478e bf1e8bf9 bf89a203 bf1146e7 bf8676bc bf03af42 bf816e85 beeb9987 bf7955e0 becf4ea1 bf6f48fe beb28de8 bf64b2d2 be9567b1 bf59935c be6fd91c bf50957d be345a85 bf3f1861 bdf0ead3 bf32642e bd712f5f bf2526ae 00000000 bf18fbc2 3d712f5f bf089137 3df0ead3 bef8c57c 3e345a85 beda158b 3e6fd91c bebe8f19 3e9567b1 bea1f612 3eb28de8 be855d0e 3ecf4ea1 be4f7125 3eeb9987 be187279 3f03af42 bdba5306 3f1146e7 bd8c055c 3f1e8bf9 3d2178ca 3f2b76ef 3db6419b 3f38006e 3e122db3 3f442159 3e4f7f5e 3f4fd2c9 3e900173 3f5b0e1b 3eac935b 3f65cce8 3ed5eecd 3f700919 3eed3212 3f79bcdd 3f056b47 3f817157 3f0bbe44 3f85baac 3f19817d 3f89b7ff 3f29664e 3f8d670b 3f3616f4 3f90c5b8 3f4ce642 3f93d21b 3f52b387 3f968a7a 3f5a1918 3f98ed48 3f64abb6 3f9af92b 3f71e935 3f9cacf8 3f80a425 3f9e07b7 3f8567b8 3f9f08a5 3f891c48 3f9faf2d 3f8e675d 3f9ffaf3 3f926092 3f9febca 3f95d07d 3f9f81bc 3f98b8e5 3f9ebd05 3f9b5e70 3f9d9e14 3f9e03fa 3f9c258d 3f9f9a82 3f9a5446 3fa0ea9d 3f982b47 3fa28124 3f95abcb 3fa417aa 3f92d73b 3fa23c7e 3f8faf36 3fa27f5c 3f8c3586 3fa5f49c 3f886c24 3fa92538 3f845539 3fa27d96 3f7fe62a 3fa1f9a1 3f769072 3fa173e6 3f6cae95 3f9be5f3 3f624630 3f9a8ebb 3f575d30 3f976703 3f4bf9c7 3f94bfb1 3f40226d 3f91d582 3f33dddf 3f8d9b37 3f273315 3f8bbe44 3f1a2943 3f884c93 3f0cc7d2 3f841081 3efe2cb7 3f7c7f60 3ee23952 3f7621b8 3ec5c559 3f68e7c9 3ea8e0f6 3f5bb164 3e8b9c97 3f57f064 3e5c11bc 3f468181 3e206d32 3f394790 3dc8daf5 3f2c935b 3d20d2b6 3f295ba4 bca0d7cb 3f0ffde4 bda0be65 3f03cf6b be0c75be 3ef7b2ea be483c72 3ed902f7 be81c8ac 3eb834fe be9f295a 3e9cae8c bebc2f91 3e845198 bed8cad3 3e53ad39 bef4eadb 3e0de368 bf083fd7 3da0ea9d bf15bcd0 3c4c26c8 bf22e4ad bd4b0a6e bf2faff3 bdd7e949 bf3c175f be31ccab bf4813e1 be758dc5 bf539eac be964d55 bf5eb12d beba4beb bf69451d bed5d978 bf735475 bef4896a bf7cd980 bf080b7c bf82e76a bf165470 bf8717ad bf2308a5 bf8afb26 bf304623 bf8e8fa1 bf394790 bf91d314 bf50018b bf94c3a5 bf52aff9 bf975fa8 bf652de4 bf99a5a2 bf6fc79d bf9b9446 bf77ba05 bf9d2a7c bf80e53b bf9e675f bf86b60c bf9f4a38 bf895d5f bf9fd288 bf8cd0d7 bfa00000 bf925d03 bf9fd288 bf969915 bf9f4a38 bf983163 bf9e675f bf9cf32e bf9d2a7c bf9d7c79 bf9b9446 bf9f57a4 bf99a5a2 bfa175ad bf975fa8 bfa06870 bf94c3a5 bfa2c956 bf91d314 bfa7cc3a bf8e8fa1 bfa67a57 bf8afb26 bfa4a2ba bf8717ad bfa4a2ba bf82e76a bfa393b6 bf7cd980 bfa241d4 bf735475 bfa0a986 bf69451d bf9a4da5 bf5eb12d bf9943f5 bf539eac bf94bdea bf4813e1 bf93292a bf3c175f bf910ce9 bf2faff3 bf8e22b8 bf22e4ad bf8ab2cf bf15bcd0 bf8565f1 bf083fd7 bf83d2f9 bef4eadb bf7b7778 bed8cad3 bf716706 bebc2f91 bf67dfdf be9f295a bf5aa261 be81c8ac bf5091f1 be483c72 bf43ddbb be0c75be bf3725f8 bda0be65 bf2c0a11 bca0d7cb bf1d37d5 3d20d2b6 bf110ce9 3dc8daf5 bf02c067 3e206d32 beed2af5 3e5c11bc bec0a605 3e8b9c97 beab80c8 3ea8e0f6 be8bb729 3ec5c559 be716e24 3ee23952 be31dae4 3efe2cb7 bdf59bfd 3f0cc7d2 bd988ee9 3f1a2943 bc069eb8 3f273315 3d8370c9 3f33dddf 3ddc3394 3f40226d 3e3e9d51 3f4bf9c7 3e87906b 3f575d30 3e9dc11e 3f624630 3eca460e 3f6cae95 3ede58b8 3f769072 3f00a5eb 3f7fe62a 3f0ef26e 3f845539 3f1ed3b1 3f886c24 3f27d18f 3f8c3586 3f30cbde 3f8faf36 3f435802 3f92d73b 3f4f867a 3f95abcb 3f588459 3f982b47 3f65388e 3f9a5446 3f72ff55 3f9c258d 3f7d0c35 3f9d9e14 3f82c22d 3f9ebd05 3f880d44 3f9f81bc 3f8c4955 3f9febca 3f9040c2 3f9ffaf3 3f936dcf 3f9faf2d 3f976703 3f9f08a5 3f98b71e 3f9e07b7 3f9c6d75 3f9cacf8 3f9e46d9 3f9af92b 3fa13108 3f98ed48 3fa173e6 3f968a7a 3fa23e46 3f93d21b 3fa3d4cc 3f90c5b8 3fa417aa 3f8d670b 3fa7cfc7 3f89b7ff 3fa4e3d2 3f85baac 3fa4a0f3 3f817157 3fa0a5f8 3f79bcdd 3f9d327e 3f700919 3f9cefa2 3f65cce8 3f9f55de 3f5b0e1b 3f987441 3f4fd2c9 3f958a11 3f442159 3f910b22 3f38006e 3f8ffa56 3f2b76ef 3f8bc00b 3f1e8bf9 3f8b77d9 3f1146e7 3f84dca7 3f03af42 3f812653 3eeb9987 3f77ba05 3ecf4ea1 3f6d23da 3eb28de8 3f64226c 3e9567b1 3f57f780 3e6fd91c 3f4de711 3e345a85 3f40ad21 3df0ead3 3f337330 3d712f5f 3f26befd 26045e1f 3f19817d bd712f5f 3f0ddc4e bdf0ead3 3ef9d80e be345a85 3ee5b011 be6fd91c 3ebb6cb5 be9567b1 3ea52dca beb28de8 3e7e2257 becf4ea1 3e5a0e6c beeb9987 3e1cae8c bf03af42 3dba5306 bf1146e7 3ced9597 bf1e8bf9 bca8f102 bf2b76ef bda0ce2d bf38006e be0bb00c bf442159 be55d25c bf4fd2c9 be8cc9bb bf5b0e1b bea962bf bf65cce8 bece6ccc bf700919 beee2835 bf79bcdd bf012818 bf817157 bf0eeb52 bf85baac bf217058 bf89b7ff bf2c0a13 bf8d670b bf36a03e bf90c5b8 bf44e932 bf93d21b bf52ac6c bf968a7a bf652de4 bf98ed48 bf6fc411 bf9af92b bf6fceb9 bf9cacf8 bf801914 bf9e07b7 bf83050b bf9f08a5 bf8892fe bf9faf2d bf8ccf0f bf9ffaf3 bf8eeedf bf9febca bf93b0ad bf9f81bc bf987441 bf9ebd05 bf9d360c bf9d9e14 bf9ecc95 bf9c258d bfa064e2 bf9a5446 bfa0ee2a bf982b47 bfa2400c bf95abcb bfa393b6 bf92d73b bfa41b38 bf8faf36 bfa52a3d bf8c3586 bfa56d1b bf886c24 bfa5aff9 bf845539 bfa41b38 bf7fe62a bfa2c956 bf769072 bfa023cc bf6cae95 bf9a9249 bf624630 bf99889a bf575d30 bf954733 bf4bf9c7 bf94382e bf40226d bf936f96 bf33dddf bf8dde14 bf273315 bf8b3a50 bf1a2943 bf87c89f bf0cc7d2 bf81f43f befe2cb7 bf7ea0f5 bee23952 bf72fbc8 bec5c559 bf6db43f bea8e0f6 bf63a75a be8b9c97 bf55e094 be5c11bc bf4819ce be206d32 bf3adc51 bdc8daf5 bf30cf6e bd20d2b6 bf230c34 3ca0d7cb bf18ff51 3da0be65 bf0ab65c 3e0c75be bef15fea 3e483c72 becc47a8 3e81c8ac beb834fe 3e9f295a be986b5d 3ebc2f91 be758dc5 3ed8cad3 be3608be 3ef4eadb bdf57f8d 3f083fd7 bd831b7a 3f15bcd0 bc871076 3f22e4ad 3d299b9f 3f2faff3 3dd82228 3f3c175f 3e2534e6 3f4813e1 3e6d3212 3f539eac 3e8ffa56 3f5eb12d 3eb94eab 3f69451d 3edc48e7 3f735475 3eeb05d1 3f7cd980 3f0ab65c 3f82e76a 3f1548fb 3f8717ad 3f1fdf28 3f8afb26 3f3267ba 3f8e8fa1 3f3beee3 3f91d314 3f4ac11e 3f94c3a5 3f56664f 3f975fa8 3f620b7f 3f99a5a2 3f705804 3f9b9446 3f7955e0 3f9d2a7c 3f816e85 3f9e675f 3f88968d 3f9f4a38 3f8b3a50 3f9fd288 3f8fffab 3fa00000 3f8e1f2b 3f9fd288 3f929fe1 3f9f4a38 3f99c7ea 3f9e675f 3f9cb219 3f9d2a7c 3f9cae8c 3f9b9446 3fa0ee2a 3f99a5a2 3fa173e6 3f975fa8 3fa2c5c8 3f94c3a5 3fa1f9a1 3f91d314 3fa28124 3f8e8fa1 3fa56b53 3f8afb26 3fa52876 3f8717ad 3fa3d4cc 3f82e76a 3fa308a5 3f7cd980 3fa391ee 3f735475 3f9cb051 3f69451d 3f993b12 3f5eb12d 3f99c293 3f539eac 3f9548fa 3f4813e1 3f95456c 3f3c175f 3f914dff 3f2faff3 3f8d13b5 3f22e4ad 3f8b36c3 3f15bcd0 3f873d8f 3f083fd7 3f83cbdd 3ef4eadb 3f7a6155 3ed8cad3 3f71e5a5 3ebc2f91 3f66c9c1 3e9f295a 3f5d4297 3e81c8ac 3f519d67 3e483c72 3f44e932 3e0c75be 3f39c9bc 3da0be65 3f2f3003 3ca0d7cb 3f227bce bd20d2b6 3f0f749a bdc8daf5 3f012818 be206d32 3ee7d537 be5c11bc 3ebe9d4f be8b9c97 3ea74bd3 bea8e0f6 3e89ae74 bec5c559 3e7376d8 bee23952 3e3c69f3 befe2cb7 3df151b4 bf0cc7d2 3d29d47d bf1a2943 bcca5fd1 bf273315 bd648f47 bf33dddf be0ba1d6 bf40226d be2970f8 bf4bf9c7 be877b17 bf575d30 be9ba315 bf624630 bec2c40e bf6cae95 bedb281e bf769072 befe1420 bf7fe62a bf0ff6c8 bf845539 bf1b163d bf886c24 bf28d977 bf8c3586 bf3507f0 bf8faf36 bf42cb29 bf92d73b bf4f7f5e bf95abcb bf5dc852 bf982b47 bf66c9c1 bf9a5446 bf6dad25 bf9c258d bf7a6155 bf9d9e14 bf8238e4 bf9ebd05 bf8809b6 bf9f81bc bf891c48 bf9febca bf8ffa56 bf9ffaf3 bf921a26 bf9faf2d bf969add bf9f08a5 bf9a4da3 bf9e07b7 bf9c2a96 bf9cacf8 bf9e46da bf9af92b bfa0ec65 bf98ed48 bfa2400c bf968a7a bfa34f11 bf93d21b bfa4a0f3 bf90c5b8 bfa4e598 bf8d670b bfa701da bf89b7ff bfa5f49b bf85baac bfa56d1b bf817157 bf9f5b33 bf79bcdd bfa0ee2a bf700919 bf9ad6ee bf65cce8 bf9a52fa bf5b0e1b bf96ddb9 bf4fd2c9 bf947cd3 bf442159 bf943bbd bf38006e bf908567 bf2b76ef bf8de1a2 bf1e8bf9 bf87c89f bf1146e7 bf8347e8 bf03af42 bf80a425 beeb9987 bf7846dd becf4ea1 bf6f48fe beb28de8 bf65c1d7 be9567b1 bf56ec0b be6fd91c bf492542 be345a85 bf457998 bdf0ead3 bf2eaa48 bd712f5f bf28574a 00000000 bf1b19ca 3d712f5f bf0c478e 3df0ead3 befd08ab 3e345a85 bedc3394 3e6fd91c bec0ad21 3e9567b1 bea1f612 3eb28de8 be878233 3ecf4ea1 be4b3515 3eeb9987 be1cae8c 3f03af42 bdc6f904 3f1146e7 bc975620 3f1e8bf9 3b05bb3c 3f2b76ef 3dadc978 3f38006e 3e09a758 3f442159 3e5e66ef 3f4fd2c9 3e89a758 3f5b0e1b 3eaa7553 3f65cce8 3eca3ef2 3f700919 3ee4abb6 3f79bcdd 3f0349b0 3f817157 3f0e6597 3f85baac 3f19817d 3f89b7ff 3f29ec08 3f8d670b 3f3d0175 3f90c5b8 3f4b4df6 3f93d21b 3f511b3b 3f968a7a 3f653faa 3f98ed48 3f6e3d87 3f9af92b 3f6c14d5 3f9cacf8 3f81b4ef 3f9e07b7 3f889853 3f9f08a5 3f885021 3f9faf2d 3f8af3e4 3f9ffaf3 3f8f72d4 3f9febca 3f950456 3f9f81bc 3f983163 3f9ebd05 3f9a4f6b 3f9d9e14 3f9cf4f7 3f9c258d 3f9ece5a 3f9a5446 3fa2400d 3f982b47 3fa23e46 3f95abcb 3fa34d4a 3f92d73b 3fa63941 3f8faf36 3fa63941 3f8c3586 3fa12bb3 3f886c24 3fa0a432 3f845539 3fa52876 3f7fe62a 3fa12d7b 3f769072 3fa12f42 3f6cae95 3f9a940f 3f624630 3f9a8cf4 3f575d30 3f965638 3f4bf9c7 3f94bdea 3f40226d 3f9190dd 3f33dddf 3f8f72d4 3f273315 3f8b36c3 3f1a2943 3f884c93 3f0cc7d2 3f845527 3efe2cb7 3f7fa8e0 3ee23952 3f78c57c 3ec5c559 3f6e2f51 3ea8e0f6 3f628a22 3e8b9c97 3f54ca74 3e5c11bc 3f44ecbf 3e206d32 3f372d16 3dc8daf5 3f2afe9c 3d20d2b6 3f1ba6a4 bca0d7cb 3f1b12b0 bda0be65 3f0cc9bb be0c75be 3ef594e0 be483c72 3eda0e6c be81c8ac 3eac9a78 be9f295a 3e987279 bebc2f91 3e7e1420 bed8cad3 3e3a613e bef4eadb 3e1eb740 bf083fd7 3dba3698 bf15bcd0 3bcdedbe bf22e4ad bd0fdde6 bf2faff3 bdd7e949 bf3c175f be273d9b bf4813e1 be7376d8 bf539eac be986b5d bf5eb12d beb82de0 bf69451d bed6ddd3 bf735475 bef376d8 bf7cd980 bf099cae bf82e76a bf197df0 bf8717ad bf227f5c bf8afb26 bf30cbde bf8e8fa1 bf43d69f bf91d314 bf489f88 bf94c3a5 bf590685 bf975fa8 bf685af2 bf99a5a2 bf6c9e1f bf9b9446 bf762546 bf9d2a7c bf805db9 bf9e675f bf85214d bf9f4a38 bf891a82 bf9fd288 bf8fb5b2 bfa00000 bf93aee5 bf9fd288 bf9439f6 bf9f4a38 bf987441 bf9e675f bf9e006e bf9d2a7c bf9dc11e bf9b9446 bfa173e6 bf99a5a2 bf9d8006 bf975fa8 bfa0ee2a bf94c3a5 bfa02591 bf91d314 bfa4e598 bf8e8fa1 bfa41b38 bf8afb26 bfa1fef6 bf8717ad bfa393b6 bf82e76a bfa2c956 bf7cd980 bfa241d4 bf735475 bfa1fd2e bf69451d bf9a9249 bf5eb12d bf9a54c1 bf539eac bf958a11 bf4813e1 bf93b0ad bf3c175f bf921bed bf2faff3 bf8e22b8 bf22e4ad bf878233 bf15bcd0 bf86fe3f bf083fd7 bf827d89 bef4eadb bf78c90a bed8cad3 bf749414 bebc2f91 bf69fde7 be9f295a bf5ee202 be81c8ac bf5008a8 be483c72 bf44ecc1 be0c75be bf36a03e bda0be65 bf29ec08 bca0d7cb bf1ed022 3d20d2b6 bf10839f 3dc8daf5 bf03cf6b 3e206d32 beee366d 3e5c11bc becc55de 3e8b9c97 bead9ed1 3ea8e0f6 be965470 3ec5c559 be649d7f 3ee23952 be340008 3efe2cb7 bdfe3090 3f0cc7d2 bd539f01 3f1a2943 bb05bb3c 3f273315 3da56dc5 3f33dddf 3e0bdab4 3f40226d 3e493a98 3f4bf9c7 3e89ae73 3f575d30 3e9ecc95 3f624630 3ec602e1 3f6cae95 3edd4d42 3f769072 3efaf1bd 3f7fe62a 3f0b3c18 3f845539 3f2316de 3f886c24 3f2c9a77 3f8c3586 3f3376c0 3f8faf36 3f457998 3f92d73b 3f4f00c1 3f95abcb 3f55dd07 3f982b47 3f62913c 3f9a5446 3f705475 3f9c258d 3f79db9d 3f9d9e14 3f8238e4 3f9ebd05 3f8674f6 3f9f81bc 3f8af5ac 3f9febca 3f8f7662 3f9ffaf3 3f92e64d 3f9faf2d 3f95ceb5 3f9f08a5 3f98fbc2 3f9e07b7 3f9f14c6 3f9cacf8 3f9d360c 3f9af92b 3f9f0f70 3f98ed48 3fa30a6d 3f968a7a 3fa41971 3f93d21b 3fa41971 3f90c5b8 3fa45c4e 3f8d670b 3fa306de 3f89b7ff 3fa34b82 3f85baac 3fa1f7da 3f817157 3fa391ee 3f79bcdd 3fa2c78e 3f700919 3f9cb051 3f65cce8 3f9b9bf9 3f5b0e1b 3f9a0900 3f4fd2c9 3f965470 3f442159 3f93aee5 3f38006e 3f8ffa56 3f2b76ef 3f8c45c7 3f1e8bf9 3f8783fa 3f1146e7 3f8347e8 3f03af42 3f81f279 3eeb9987 3f7ae385 3ecf4ea1 3f6dad25 3eb28de8 3f639cb2 3e9567b1 3f5662c3 3e6fd91c 3f4c5252 3e345a85 3f4241e1 3df0ead3 3f3507f0 3d712f5f 3f2962bf 26045e1f 3f1b19cc bd712f5f 3f0ccd49 bdf0ead3 3ef7c122 be345a85 3edc3394 be6fd91c 3ec91e28 be9567b1 3eafaea3 beb28de8 3e823aab becf4ea1 3e42e799 beeb9987 3e1cae8c bf03af42 3dc2cb29 bf1146e7 3d07bb12 bf1e8bf9 bcdb88f7 bf2b76ef bdb1be73 bf38006e be163f1d bf442159 be5a0e6c bf4fd2c9 be8ff33b bf5b0e1b bead97b5 bf65cce8 bec7073c bf700919 bee6c9c1 bf79bcdd bf01b163 bf817157 bf1432da bf85baac bf1d37d5 bf89b7ff bf2afb0d bf8d670b bf350f0c bf90c5b8 bf435473 bf93d21b bf56e4ef bf968a7a bf606fa4 bf98ed48 bf64b2d4 bf9af92b bf78c90a bf9cacf8 bf7d08a9 bf9e07b7 bf86732f bf9f08a5 bf891a82 bf9faf2d bf8d11ed bf9ffaf3 bf91d582 bf9febca bf965470 bf9f81bc bf96135a bf9ebd05 bf9e87f0 bf9d9e14 bf9e46da bf9c258d bf9c2c5e bf9a5446 bfa0ec65 bf982b47 bfa282ea bf95abcb bfa56b53 bf92d73b bfa52876 bf8faf36 bfa5aff9 bf8c3586 bfa4e598 bf886c24 bfa5aff9 bf845539 bfa45e15 bf7fe62a bfa2400c bf769072 bf9fdf26 bf6cae95 bf9b5ca9 bf624630 bf9a5133 bf575d30 bf97a9e1 bf4bf9c7 bf969e6a bf40226d bf932cb9 bf33dddf bf8f3384 bf273315 bf89a203 bf1a2943 bf86b99b bf0cc7d2 bf838c8d befe2cb7 bf7d91f3 bee23952 bf75a6a5 bec5c559 bf64abb6 bea8e0f6 bf5a9ed4 be8b9c97 bf52aff9 be5c11bc bf43da2e be206d32 bf402e81 bdc8daf5 bf2fc068 bd20d2b6 bf1fdb98 3ca0d7cb bf176a91 3da0be65 bf0b3fa5 3e0c75be beec1147 3e483c72 bed4ce01 3e81c8ac beb834fe 3e9f295a be9dc11e 3ebc2f91 be7376d8 3ed8cad3 be3e8f19 3ef4eadb bdfdf7b1 3f083fd7 bd8765c3 3f15bcd0 bca8f103 3f22e4ad 3d323030 3f2faff3 3dba6f76 3f3c175f 3e1ed3b1 3f4813e1 3e6d3212 3f539eac 3e9dc839 3f5eb12d 3eb1dae4 3f69451d 3ed3c28c 3f735475 3efaf8d8 3f7cd980 3f09a758 3f82e76a 3f14c33f 3f8717ad 3f228678 3f8afb26 3f2f3aad 3f8e8fa1 3f3d83a3 3f91d314 3f470ac9 3f94c3a5 3f56ef99 3f975fa8 3f631a86 3f99a5a2 3f6f48fe 3f9b9446 3f7955e0 3f9d2a7c 3f81f7ce 3f9e675f 3f85aa96 3f9f4a38 3f89a203 3f9fd288 3f8ccf10 3fa00000 3f93f718 3f9fd288 3f94bfb1 3f9f4a38 3f961193 3f9e675f 3f9b5e70 3f9d2a7c 3fa0ab4c 3f9b9446 3f9f98ba 3f99a5a2 3f9fdb98 3f975fa8 3fa41971 3f94c3a5 3fa3d4cc 3f91d314 3fa5f49c 3f8e8fa1 3fa6c0c4 3f8afb26 3fa41971 3f8717ad 3fa34d4a 3f82e76a 3fa28124 3f7cd980 3fa23e46 3f735475 3f9f0f72 3f69451d 3f9dfea5 3f5eb12d 3f9b9bf8 3f539eac 3f976375 3f4813e1 3f943668 3f3c175f 3f91095b 3f2faff3 3f8ccf0f 3f22e4ad 3f8892fe 3f15bcd0 3f85ebad 3f083fd7 3f812818 3ef4eadb 3f78c90a 3ed8cad3 3f6f41e2 3ebc2f91 3f66c9c1 3e9f295a 3f5c3394 3e81c8ac 3f519d67 3e483c72 3f446377 3e0c75be 3f3834fe 3da0be65 3f33f1d0 3ca0d7cb 3f206153 bd20d2b6 3f0e6596 bdc8daf5 3ef5aa35 be206d32 3ee294ca be5c11bc 3ec92c60 be8b9c97 3ead9ed1 bea8e0f6 3e8ffa56 bec5c559 3e68e7c9 bee23952 3e1ab40e befe2cb7 3dba8be4 bf0cc7d2 3d75b86d bf1a2943 bb85bb3c bf273315 bd7ddb41 bf33dddf be098ae8 bf40226d be2fc3f8 bf4bf9c7 be608c14 bf575d30 be9fdf26 bf624630 beb40008 bf6cae95 bed6ec09 bf769072 bef9df2a bf7fe62a bf0f710d bf845539 bf1c2542 bf886c24 bf263941 bf8c3586 bf383170 bf8faf36 bf45f4a9 bf92d73b bf508e63 bf95abcb bf5c3394 bf982b47 bf66c9c1 bf9a5446 bf726ef0 bf9c258d bf78cc98 bf9d9e14 bf7ea0f5 bf9ebd05 bf8916f3 bf9f81bc bf8c45c7 bf9febca bf914c38 bf9ffaf3 bf92a1a9 bf9faf2d bf969add bf9f08a5 bf9b1804 bf9e07b7 bf9cb051 bf9cacf8 bf9f55dd bf9af92b bfa173e6 bf98ed48 bfa282ea bf968a7a bfa393b6 bf93d21b bfa41b38 bf90c5b8 bfa45fdd bf8d670b bfa41b38 bf89b7ff bfa5f49b bf85baac bfa4e598 bf817157 bfa132d0 bf79bcdd bfa06870 bf700919 bf9c7102 bf65cce8 bf9e05c2 bf5b0e1b bf9652aa bf4fd2c9 bf961a76 bf442159 bf90c4b6 bf38006e bf8eed19 bf2b76ef bf8e2480 bf1e8bf9 bf86732f bf1146e7 bf82371d bf03af42 bf81704b beeb9987 bf78d025 becf4ea1 bf6f48fe beb28de8 bf686929 be9567b1 bf59935c be6fd91c bf522dcd be345a85 bf435802 bdf0ead3 bf2eaa48 bd712f5f bf2417aa 00000000 bf18fbc2 3d712f5f bf0a25f7 3df0ead3 befd08ab 3e345a85 bee076c0 3e6fd91c bec0ad21 3e9567b1 bea744b8 3eb28de8 be834621 3ecf4ea1 be51964b 3eeb9987 be1ec578 3f03af42 bdc2cb29 3f1146e7 bd31be74 3f1e8bf9 3b85bb3c 3f2b76ef 3db6419b 3f38006e 3e10088e 3f442159 3e608c12 3f4fd2c9 3e8ab2cf 3f5b0e1b 3eaeb880 3f65cce8 3eca3ef2 3f700919 3ee8eee5 3f79bcdd 3f070394 3f817157 3f0ffde4 3f85baac 3f1ba314 3f89b7ff 3f2da5ed 3f8d670b 3f36a03e 3f90c5b8 3f46850e 3f93d21b 3f533943 3f968a7a 3f6185c6 3f98ed48 3f6ca53a 3f9af92b 3f6fcb2a 3f9cacf8 3f740022 3f9e07b7 3f81af9b 3f9f08a5 3f8bc39a 3f9faf2d 3f8ddfdb 3f9ffaf3 3f926092 3f9febca 3f969ca3 3f9f81bc 3f99850b 3f9ebd05 3f9c6f3b 3f9d9e14 3f9e8d43 3f9c258d 3fa066a8 3f9a5446 3fa284b2 3f982b47 3fa30a6d 3f95abcb 3fa3d4cc 3f92d73b 3fa3d4cc 3f8faf36 3fa23c7e 3f8c3586 3fa52876 3f886c24 3fa34b82 3f845539 3fa417aa 3f7fe62a 3fa39028 3f769072 3fa0631a 3f6cae95 3f9c28d1 3f624630 3f993e9f 3f575d30 3f982dd5 3f4bf9c7 3f960fcd 3f40226d 3f929fe1 3f33dddf 3f8eeb52 3f273315 3f8b7b67 3f1a2943 3f86fab2 3f0cc7d2 3f830344 3efe2cb7 3f7e9d6b 3ee23952 3f7730bd 3ec5c559 3f6f3e55 3ea8e0f6 3f60f55f 3e8b9c97 3f52ac6c 3e5c11bc 3f481640 3e206d32 3f3f96ff 3dc8daf5 3f2fbcdb 3d20d2b6 3f20ea9d bca0d7cb 3f121bee bda0be65 3f06f8ea be0c75be 3eed23da be483c72 3ecc5cfc be81c8ac 3ebc69f3 be9f295a 3e943d83 bebc2f91 3e77c122 bed8cad3 3e491e28 bef4eadb 3e186442 bf083fd7 3d7e4cfd bf15bcd0 3c0865ae bf22e4ad bd3a1a27 bf2faff3 bddc1723 bf3c175f be2526ae bf4813e1 be7368a0 bf539eac be9ca76e bf5eb12d beb7226b bf69451d bed7f064 bf735475 bef4896a bf7cd980 bf091364 bf82e76a bf17e931 bf8717ad bf2173e6 bf8afb26 bf304296 bf8e8fa1 bf3cfa59 bf91d314 bf492542 bf94c3a5 bf5902f7 bf975fa8 bf617eaa bf99a5a2 bf6a8015 bf9b9446 bf762546 bf9d2a7c bf812818 bf9e675f bf85a8d0 bf9f4a38 bf8d95e2 bf9fd288 bf9081d9 bfa00000 bf9192a4 bf9fd288 bf926091 bf9f4a38 bf961522 bf9e675f bf9a4f6b bf9d2a7c bf9b6038 bf9b9446 bf9ed021 bf99a5a2 bfa30a6d bf975fa8 bfa3d694 bf94c3a5 bfa393b6 bf91d314 bfa45fdd bf8e8fa1 bfa52a3d bf8afb26 bfa853bc bf8717ad bfa52a3d bf82e76a bfa41b38 bf7cd980 bfa1fd2e bf735475 bf9f9c49 bf69451d bf9a9249 bf5eb12d bf97ecbe bf539eac bf96df81 bf4813e1 bf9439f6 bf3c175f bf91946b bf2faff3 bf8e675d bf22e4ad bf8ab2cf bf15bcd0 bf86fe3f bf083fd7 bf845a7b bef4eadb bf78cc98 bed8cad3 bf6ebc27 bebc2f91 bf66cd4d be9f295a bf5d49b3 be81c8ac bf4f82ec be483c72 bf43ddbb be0c75be bf36a03e bda0be65 bf2962bf bca0d7cb bf1b19ca 3d20d2b6 bf0ffde4 3dc8daf5 bf02c067 3e206d32 bee9fa5b 3e5c11bc becd6156 3e8b9c97 beaa6e35 3ea8e0f6 be943668 3ec5c559 be6d23da 3ee23952 be340008 3efe2cb7 be09b590 3f0cc7d2 bd42aeba 3f1a2943 3cee7912 3f273315 3d8370c9 3f33dddf 3e09c3c7 3f40226d 3e40b43d 3f4bf9c7 3e812818 3f575d30 3ea42254 3f624630 3ebb6599 3f6cae95 3ed90a13 3f769072 3efd0fc5 3f7fe62a 3f0c4b1b 3f845539 3f1b1d59 3f886c24 3f241b38 3f8c3586 3f38c563 3f8faf36 3f3f1861 3f92d73b 3f4bcc96 3f95abcb 3f5a1ca4 3f982b47 3f664792 3f9a5446 3f72ff55 3f9c258d 3f7e1b3c 3f9d9e14 3f8349b0 3f9ebd05 3f880d44 3f9f81bc 3f8c04b0 3f9febca 3f8f7662 3f9ffaf3 3f936dcf 3f9faf2d 3f96ddb9 3f9f08a5 3f9a0ac6 3f9e07b7 3f9ba14d 3f9cacf8 3f9c2709 3f9af92b 3f9e87f0 3f98ed48 3fa56ee1 3f968a7a 3fa78eb1 3f93d21b 3fa30a6d 3f90c5b8 3fa39028 3f8d670b 3fa417aa 3f89b7ff 3fa8146b 3f85baac 3fa2c074 3f817157 3fa391ee 3f79bcdd 3f9f96f4 3f700919 3f9cf168 3f65cce8 3f9a9249 3f5b0e1b 3f9a0739 3f4fd2c9 3f986eec 3f442159 3f92e486 3f38006e 3f8fb93f 3f2b76ef 3f8a6e2a 3f1e8bf9 3f87411d 3f1146e7 3f838ac6 3f03af42 3f7d08a9 3eeb9987 3f79d80e 3ecf4ea1 3f6d2767 3eb28de8 3f6207f2 3e9567b1 3f57f780 3e6fd91c 3f4bcc96 3e345a85 3f40ad21 3df0ead3 3f348236 3d712f5f 3f28d977 26045e1f 3f1b163d bd712f5f 3f0ccd49 bdf0ead3 3efaeaa1 be345a85 3ee17b1a be6fd91c 3ec5f4a9 be9567b1 3ea8502f beb28de8 3e90feb1 becf4ea1 3e5a0e6c beeb9987 3e10088e bf03af42 3dc6f904 bf1146e7 3ced9597 bf1e8bf9 bcdb88f7 bf2b76ef bd9ca054 bf38006e be142830 bf442159 be5e4a80 bf4fd2c9 be8ff33b bf5b0e1b beac8c40 bf65cce8 becc4ec4 bf700919 bef0463d bf79bcdd bf034621 bf817157 bf12185f bf85baac bf1e46da bf89b7ff bf2fb94b bf8d670b bf38be46 bf90c5b8 bf43ddbb bf93d21b bf519d67 bf968a7a bf59935d bf98ed48 bf620f0e bf9af92b bf783fc0 bf9cacf8 bf82ffb7 bf9e07b7 bf8499ca bf9f08a5 bf8785c2 bf9faf2d bf8c02e9 bf9ffaf3 bf90c67d bf9febca bf94382e bf9f81bc bf97ecbe bf9ebd05 bf9cae8c bf9d9e14 bf9e89b8 bf9c258d bfa17220 bf9a5446 bfa066a9 bf982b47 bfa06870 bf95abcb bfa4e3d0 bf92d73b bfa5aff9 bf8faf36 bfa5b1bd bf8c3586 bfa56d1b bf886c24 bfa4a2ba bf845539 bfa30c34 bf7fe62a bfa284b1 bf769072 bfa0ee2a bf6cae95 bf9ad526 bf624630 bf9ada7d bf575d30 bf99422e bf4bf9c7 bf969e6a bf40226d bf9040c2 bf33dddf bf8c45c7 bf273315 bf8b7d2e bf1a2943 bf86fc78 bf0cc7d2 bf83d131 befe2cb7 bf7d08ab bee23952 bf75a319 bec5c559 bf6b0ced bea8e0f6 bf5a9b45 be8b9c97 bf4f7f5e be5c11bc bf4ac4ae be206d32 bf3c749e bdc8daf5 bf348953 bd20d2b6 bf2173e6 3ca0d7cb bf132764 3da0be65 bf080b7c 3e0c75be bef9df2a 3e483c72 bed08ad4 3e81c8ac bebc782b 3e9f295a be965470 3ebc2f91 be62785a 3ed8cad3 be31ccab 3ef4eadb be0bbe44 3f083fd7 bda0ea9d 3f15bcd0 bc871076 3f22e4ad 3cfe4d00 3f2faff3 3dbe9d51 3f3c175f 3e230fc1 3f4813e1 3e66d0da 3f539eac 3e92185f 3f5eb12d 3eaeb164 3f69451d 3ecf867a 3f735475 3eef48fe 3f7cd980 3f0ab65c 3f82e76a 3f19889a 3f8717ad 3f23957c 3f8afb26 3f3158b6 3f8e8fa1 3f3fa537 3f91d314 3f48a316 3f94c3a5 3f56ef99 3f975fa8 3f642988 3f99a5a2 3f70e14d 3f9b9446 3f78d025 3f9d2a7c 3f823c73 3f9e675f 3f85ef3a 3f9f4a38 3f89a203 3f9fd288 3f8f3384 3fa00000 3f914fc6 3f9fd288 3f94bfb1 3f9f4a38 3f97ecbe 3f9e675f 3f99817d 3f9d2a7c 3f9cf331 3f9b9446 3f9e4511 3f99a5a2 3fa34f11 3f975fa8 3fa17058 3f94c3a5 3fa2c400 3f91d314 3fa67c1f 3f8e8fa1 3fa5aff7 3f8afb26 3fa6c0c4 3f8717ad 3fa52876 3f82e76a 3fa34d4a 3f7cd980 3fa23e46 3f735475 3fa30c34 3f69451d 3f9a4f6b 3f5eb12d 3f99c0cd 3f539eac 3f9548fa 3f4813e1 3f93aee5 3f3c175f 3f91095b 3f2faff3 3f8ddc4e 3f22e4ad 3f8aaf40 3f15bcd0 3f85ebad 3f083fd7 3f81af9b 3ef4eadb 3f7ae711 3ed8cad3 3f70d6a2 3ebc2f91 3f65baba 3e9f295a 3f5d4297 3e81c8ac 3f508e63 3e483c72 3f478cf6 3e0c75be 3f3d78f7 3da0be65 3f303f06 3ca0d7cb 3f1cae8c bd20d2b6 3f0bc1d3 bdc8daf5 3ef7c83e be206d32 3ee3a03f be5c11bc 3ec92c60 be8b9c97 3ea4296f bea8e0f6 3e8ffa56 bec5c559 3e607ddc bee23952 3e382de0 befe2cb7 3dfdf7b1 bf0cc7d2 3da0b1bd bf1a2943 3b878233 bf273315 bda929e1 bf33dddf bded23da bf40226d be4d4c01 bf4bf9c7 be738511 bf575d30 bea84911 bf624630 bebb6599 bf6cae95 bee4a49a bf769072 bef8cc98 bf7fe62a bf0dd8bf bf845539 bf1ec578 bf886c24 bf28d977 bf8c3586 bf33f8eb bf8faf36 bf3fa1ab bf92d73b bf4dea9e bf95abcb bf5b248f bf982b47 bf6534ff bf9a5446 bf6e366b bf9c258d bf78cc98 bf9d9e14 bf827bc1 bf9ebd05 bf86fc78 bf9f81bc bf8b388a bf9febca bf8ddfdb bf9ffaf3 bf936c07 bf9faf2d bf96ddba bf9f08a5 bf9ad526 bf9e07b7 bf9cf32e bf9cacf8 bf9f55dd bf9af92b bfa0a986 bf98ed48 bfa282ea bf968a7a bfa391ef bf93d21b bfa56b53 bf90c5b8 bfa63779 bf8d670b bfa5f49b bf89b7ff bfa63779 bf85baac bfa56d1b bf817157 bfa1ba51 bf79bcdd bfa066a9 bf700919 bf9c7102 bf65cce8 bf9cf6be bf5b0e1b bf95884a bf4fd2c9 bf961521 bf442159 bf9190dd bf38006e bf8ffde4 bf2b76ef bf8bc00c bf1e8bf9 bf8bc562 bf1146e7 bf8524db bf03af42 bf801adc beeb9987 bf77c122 becf4ea1 bf6d2af5 beb28de8 bf64b2d2 be9567b1 bf588459 be6fd91c bf4f8a09 be345a85 bf402af3 bdf0ead3 bf372d16 bd712f5f bf26befd 00000000 bf176375 3d712f5f bf0aaf40 3df0ead3 befaeaa1 3e345a85 bedd4627 3e6fd91c bebe8f19 3e9567b1 be9fd80a 3eb28de8 be878233 3ecf4ea1 be4f7125 3eeb9987 be1cae8c 3f03af42 bdc2aeba 3f1146e7 bd18399a 3f1e8bf9 3c6d9597 3f2b76ef 3db213c3 3f38006e 3e1aa5d6 3f442159 3e6d4e7f 3f4fd2c9 3e8ab9ea 3f5b0e1b 3ea969dc 3f65cce8 3ec92c60 3f700919 3eed3212 3f79bcdd 3f012ba6 3f817157 3f0ffde4 3f85baac 3f18f835 3f89b7ff 3f2eb4f3 3f8d670b 3f3e99c1 3f90c5b8 3f43da2e 3f93d21b 3f51a0f5 3f968a7a 3f61000a 3f98ed48 3f6b0ced 3f9af92b 3f6fcb2a 3f9cacf8 3f80a5eb 3f9e07b7 3f8458b4 3f9f08a5 3f85ebad 3f9faf2d 3f8c04b0 3f9ffaf3 3f90c843 3f9febca 3f95d07d 3f9f81bc 3f99850b 3f9ebd05 3f9ba314 3f9d9e14 3f9cf4f7 3f9c258d 3fa02203 3f9a5446 3fa173e6 3f982b47 3fa30a6d 3f95abcb 3fa3d4cc 3f92d73b 3fa526ae 3f8faf36 3fa05f8d 3f8c3586 3fa28124 3f886c24 3fa8574a 3f845539 3fa7d18f 3f7fe62a 3fa129ec 3f769072 3f9f0f70 3f6cae95 3f9f113a 3f624630 3f98fbc2 3f575d30 3f96dbf3 3f4bf9c7 3f947b0c 3f40226d 3f91d3bb 3f33dddf 3f8e63d0 3f273315 3f8a27be 3f1a2943 3f873f56 3f0cc7d2 3f83cda3 3efe2cb7 3f7f2325 3ee23952 3f748cf8 3ec5c559 3f6da995 3ea8e0f6 3f5e519c 3e8b9c97 3f56e4ef 3e5c11bc 3f4d5a39 3e206d32 3f3b620b 3dc8daf5 3f2a78e1 3d20d2b6 3f1b20e8 bca0d7cb 3f132af2 bda0be65 3f03d2f9 be0c75be 3ef59bfd be483c72 3ecf867a be81c8ac 3ec6f904 be9f295a 3ea0ea9d bebc2f91 3e82338f bed8cad3 3e47073c bef4eadb 3dfe3090 bf083fd7 3da0ce2d bf15bcd0 3c6d9597 bf22e4ad bcfe4cfd bf2faff3 bddc1723 bf3c175f be2526ae bf4813e1 be6d15a2 bf539eac be965470 bf5eb12d beb834fe bf69451d bed2a8df bf735475 bef594e0 bf7cd980 bf0916f3 bf82e76a bf165470 bf8717ad bf21f9a1 bf8afb26 bf30c852 bf8e8fa1 bf3e095d bf91d314 bf4a3449 bf94c3a5 bf5cb5c0 bf975fa8 bf639cb2 bf99a5a2 bf6c9e1f bf9b9446 bf7b6940 bf9d2a7c bf80a25d bf9e675f bf8499ca bf9f4a38 bf8d0e5f bf9fd288 bf8ea874 bfa00000 bf92a1a9 bf9fd288 bf91d90f bf9f4a38 bf954ac1 bf9e675f bf95912d bf9d2a7c bf9fdd60 bf9b9446 bfa173e6 bf99a5a2 bfa282ea bf975fa8 bfa67891 bf94c3a5 bfa1fef6 bf91d314 bfa7895c bf8e8fa1 bfa4e598 bf8afb26 bfa3d85a bf8717ad bfa2c956 bf82e76a bfa2c956 bf7cd980 bfa1fd2e bf735475 bfa0ee2a bf69451d bf9ad526 bf5eb12d bf9a101c bf539eac bf95ccef bf4813e1 bf93b0ad bf3c175f bf91d749 bf2faff3 bf8eeee0 bf22e4ad bf8b3a50 bf15bcd0 bf86fe3f bf083fd7 bf8349b0 bef4eadb bf795254 bed8cad3 bf6c14d5 bebc2f91 bf67dfdf be9f295a bf5ede72 be81c8ac bf4ef9a1 be483c72 bf42ceb9 be0c75be bf38388b bda0be65 bf2a7553 bca0d7cb bf1d37d5 3d20d2b6 bf10839f 3dc8daf5 bf02c067 3e206d32 beed2af5 3e5c11bc bed1a484 3e8b9c97 bea8502d 3ea8e0f6 be8ffa56 3ec5c559 be68e7c9 3ee23952 be31dae4 3efe2cb7 bdf59bfd 3f0cc7d2 bd4275db 3f1a2943 3c4d0a42 3f273315 3d4b434c 3f33dddf 3dcb26dd 3f40226d 3e295488 3f4bf9c7 3e87894f 3f575d30 3e9fdf28 3f624630 3ec9337c 3f6cae95 3ee18952 3f769072 3efd0fc5 3f7fe62a 3f0d5a20 3f845539 3f1ba6a2 3f886c24 3f24a0f3 3f8c3586 3f383c18 3f8faf36 3f3fa1ab 3f92d73b 3f4c55de 3f95abcb 3f5aa261 3f982b47 3f64af44 3f9a5446 3f7497a2 3f9c258d 3f7d0c35 3f9d9e14 3f845a7b 3f9ebd05 3f8894c6 3f9f81bc 3f8cd0d7 3f9febca 3f90ca0b 3f9ffaf3 3f932af2 3f9faf2d 3f97225e 3f9f08a5 3f9a4f6b 3f9e07b7 3f9cb052 3f9cacf8 3f9c2709 3f9af92b 3fa0a986 3f98ed48 3fa52a3d 3f968a7a 3fa34d4a 3f93d21b 3fa3d4cc 3f90c5b8 3fa45c4e 3f8d670b 3fa45c4e 3f89b7ff 3fa8146b 3f85baac 3fa2372a 3f817157 3fa3d692 3f79bcdd 3f9ecacc 3f700919 3f9cae8c 3f65cce8 3f99c7e9 3f5b0e1b 3f99817d 3f4fd2c9 3f965470 3f442159 3f925d03 3f38006e 3f8f31bd 3f2b76ef 3f8c45c7 3f1e8bf9 3f8918ba 3f1146e7 3f838ac6 3f03af42 3f7fac6d 3eeb9987 3f79d481 3ecf4ea1 3f6eb89a 3eb28de8 3f639cb2 3e9567b1 3f587d3b 3e6fd91c 3f4c5252 3e345a85 3f40ad21 3df0ead3 3f33f8eb 3d712f5f 3f2635b4 26045e1f 3f1b9f86 bd712f5f 3f0ccd49 bdf0ead3 3eff1f97 be345a85 3ee39924 be6fd91c 3ed07c9c be9567b1 3eac8c40 beb28de8 3e7c0b6b becf4ea1 3e40c275 beeb9987 3e165b8d bf03af42 3dadad0b bf1146e7 3cfebebd bf1e8bf9 bd071076 bf2b76ef bda94651 bf38006e be142830 bf442159 be5a0e6c bf4fd2c9 be8dd532 bf5b0e1b beac8c40 bf65cce8 becb434c bf700919 bef26445 bf79bcdd bf034294 bf817157 bf0ffa56 bf85baac bf1d37d5 bf89b7ff bf2d9ed1 bf8d670b bf372987 bf90c5b8 bf43ddbb bf93d21b bf4e73e9 bf968a7a bf5b281e bf98ed48 bf618952 bf9af92b bf77b678 bf9cacf8 bf7d8e65 bf9e07b7 bf86f8ea bf9f08a5 bf89e4e0 bf9faf2d bf8d9970 bf9ffaf3 bf92185f bf9febca bf95ccef bf9f81bc bf97225e bf9ebd05 bf9a4f6b bf9d9e14 bfa0a5f8 bf9c258d bf9e8d44 bf9a5446 bfa417aa bf982b47 bfa2400c bf95abcb bfa2c78e bf92d73b bfa4a0f3 bf8faf36 bfa45e15 bf8c3586 bfa56d1b bf886c24 bfa56d1b bf845539 bfa41b38 bf7fe62a bfa284b1 bf769072 bfa0ab4d bf6cae95 bf9a9249 bf624630 bf9b1f20 bf575d30 bf97ee85 bf4bf9c7 bf958d9f bf40226d bf90839f bf33dddf bf8ccf10 bf273315 bf89e4e1 bf1a2943 bf87411c bf0cc7d2 bf8349b0 befe2cb7 bf801ca2 bee23952 bf71ecc2 bec5c559 bf6e3d87 bea8e0f6 bf5c3722 be8b9c97 bf5669dd be5c11bc bf468180 be206d32 bf3d83a3 bdc8daf5 bf2fc068 bd20d2b6 bf2173e6 3ca0d7cb bf129e1b 3da0be65 bf0de6f7 3e0c75be bf00a979 3e483c72 bed2a8dc 3e81c8ac bea95488 3e9f295a be9a9081 3ebc2f91 be7e1420 3ed8cad3 be40a605 3ef4eadb be055d0e 3f083fd7 bd8fdde6 3f15bcd0 bc280d87 3f22e4ad 3d07bb12 3f2faff3 3dcfaa05 3f3c175f 3e2534e6 3f4813e1 3e6d3212 3f539eac 3e932af2 3f5eb12d 3eab80c8 3f69451d 3edc48e7 3f735475 3ef38510 3f7cd980 3f091e0f 3f82e76a 3f14c33f 3f8717ad 3f23957c 3f8afb26 3f340008 3f8e8fa1 3f43e4d9 3f91d314 3f479411 3f94c3a5 3f55dd07 3f975fa8 3f607334 3f99a5a2 3f6f48fe 3f9b9446 3f7737d8 3f9d2a7c 3f805db8 3f9e675f 3f85aa96 3f9f4a38 3f8c0677 3f9fd288 3f8f31be 3fa00000 3f9192a4 3f9fd288 3f947b0d 3f9f4a38 3f97a81a 3f9e675f 3f9b19ca 3f9d2a7c 3f9d7ab1 3f9b9446 3fa064e1 3f99a5a2 3f9f0f70 3f975fa8 3fa0ea9d 3f94c3a5 3fa4e598 3f91d314 3fa67c1f 3f8e8fa1 3fa6c0c4 3f8afb26 3fa52876 3f8717ad 3fa4a0f3 3f82e76a 3fa41971 3f7cd980 3fa282ea 3f735475 3f9f96f4 3f69451d 3f9d360c 3f5eb12d 3f9b591a 3f539eac 3f98f835 3f4813e1 3f925d03 3f3c175f 3f8f31bd 3f2faff3 3f8e63d0 3f22e4ad 3f8aaf40 3f15bcd0 3f85a8d0 3f083fd7 3f81af9b 3ef4eadb 3f795254 3ed8cad3 3f70da30 3ebc2f91 3f675309 3e9f295a 3f5d4297 3e81c8ac 3f519d67 3e483c72 3f4703ad 3e0c75be 3f3c69f3 3da0be65 3f2fb5bd 3ca0d7cb 3f1c28d1 bd20d2b6 3f0ddfdb bdc8daf5 3ef38c2c be206d32 3ee3a03f be5c11bc 3ecb434c be8b9c97 3ea4296f bea8e0f6 3e8eeedf bec5c559 3e55eecd bee23952 3e3608be befe2cb7 3e0120fd bf0cc7d2 3d8fdde6 bf1a2943 3b878233 bf273315 bd8765c4 bf33dddf bde8d98f bf40226d be3616f4 bf4bf9c7 be7e1420 bf575d30 bea84911 bf624630 bec0ad21 bf6cae95 beeaf79a bf769072 bef9d80e bf7fe62a bf0ee7c4 bf845539 bf1dba02 bf886c24 bf2962bf bf8c3586 bf383170 bf8faf36 bf43da2e bf92d73b bf500519 bf95abcb bf5a158b bf982b47 bf62913c bf9a5446 bf6fcb2d bf9c258d bf79db9a bf9d9e14 bf827bc1 bf9ebd05 bf8674f6 bf9f81bc bf8bc00b bf9febca bf9081d9 bf9ffaf3 bf94bdea bf9faf2d bf993cda bf9f08a5 bf9a4da3 bf9e07b7 bf9ad6ee bf9cacf8 bf9d7c79 bf9af92b bf9fdf26 bf98ed48 bfa1b88a bf968a7a bfa284b1 bf93d21b bfa393b6 bf90c5b8 bfa45e15 bf8d670b bfa393b6 bf89b7ff bfa67a57 bf85baac bfa350d9 bf817157 bfa28678 bf79bcdd bfa02591 bf700919 bf9ed1e9 bf65cce8 bf982f9b bf5b0e1b bf987eea bf4fd2c9 bf94382e bf442159 bf936dcf bf38006e bf8eed19 bf2b76ef bf8d5859 bf1e8bf9 bf8a6ff0 bf1146e7 bf8456ed bf03af42 bf81f607 beeb9987 bf78cc98 becf4ea1 bf6dad22 beb28de8 bf65c1d7 be9567b1 bf5662c1 be6fd91c bf4dee2e be345a85 bf435802 bdf0ead3 bf2eaa48 bd712f5f bf2526ae 00000000 bf1ba314 3d712f5f bf0c478e 3df0ead3 bef6a772 3e345a85 bedc3394 3e6fd91c bec2cb29 3e9567b1 bea4141c 3eb28de8 be845198 3ecf4ea1 be5a0e6f 3eeb9987 be1ec578 3f03af42 bdcb434c 3f1146e7 bd3a5306 3f1e8bf9 3b878233 3f2b76ef 3dba8be4 3f38006e 3e1aa5d6 3f442159 3e5805b9 3f4fd2c9 3e866fa1 3f5b0e1b 3ea8574a 3f65cce8 3eca3ef2 3f700919 3ef39348 3f79bcdd 3f04e58b 3f817157 3f132e7f 3f85baac 3f1b19ca 3f89b7ff 3f2962bf 3f8d670b 3f372987 3f90c5b8 3f44ecc1 3f93d21b 3f599a78 3f968a7a 3f5ede72 3f98ed48 3f6a83a5 3f9af92b 3f749414 3f9cacf8 3f80a425 3f9e07b7 3f8567b8 3f9f08a5 3f873f56 3f9faf2d 3f8d5859 3f9ffaf3 3f91946b 3f9febca 3f91d3bb 3f9f81bc 3f965638 3f9ebd05 3f9a4f6b 3f9d9e14 3f9dbf55 3f9c258d 3f9f98ba 3f9a5446 3fa1fb69 3f982b47 3fa30a6d 3f95abcb 3fa4e598 3f92d73b 3fa4a0f3 3f8faf36 3fa0e8d6 3f8c3586 3fa2c400 3f886c24 3fa8574a 3f845539 3fa8590f 3f7fe62a 3fa12bb3 3f769072 3f9fdb98 3f6cae95 3f9b19cc 3f624630 3f9acfd2 3f575d30 3f96ddba 3f4bf9c7 3f95456c 3f40226d 3f9192a4 3f33dddf 3f8eeb52 3f273315 3f8bbe44 3f1a2943 3f889137 3f0cc7d2 3f83cda3 3efe2cb7 3f7f2325 3ee23952 3f74073d 3ec5c559 3f6e2f51 3ea8e0f6 3f64a49a 3e8b9c97 3f55502f 3e5c11bc 3f489bfa 3e206d32 3f3b620b 3dc8daf5 3f2969dc 3d20d2b6 3f2282ea bca0d7cb 3f119632 bda0be65 3efc0b6b be0c75be 3ef594e0 be483c72 3ede4a80 be81c8ac 3ebf9a8e be9f295a 3e9a9081 bebc2f91 3e7beefb bed8cad3 3e3e8f19 bef4eadb 3e078233 bf083fd7 3dbe6472 bf15bcd0 3ca962bf bf22e4ad bd078233 bf2faff3 bdf5631d bf3c175f be2526ae bf4813e1 be6afeb5 bf539eac be9b94dd bf5eb12d beba4beb bf69451d bed8fbdc bf735475 bef6a058 bf7cd980 bf099cae bf82e76a bf16da2b bf8717ad bf21f9a1 bf8afb26 bf304296 bf8e8fa1 bf3e8f19 bf91d314 bf4d5dc9 bf94c3a5 bf5b2102 bf975fa8 bf628dac bf99a5a2 bf6e32df bf9b9446 bf749088 bf9d2a7c bf801adc bf9e675f bf85214d bf9f4a38 bf8d5304 bf9fd288 bf8f749a bfa00000 bf929fe1 bf9fd288 bf926091 bf9f4a38 bf95d07d bf9e675f bf99c9b0 bf9d2a7c bf9c2a96 bf9b9446 bf9fdf26 bf99a5a2 bfa1fd2e bf975fa8 bfa4e3d0 bf94c3a5 bfa45e15 bf91d314 bfa701da bf8e8fa1 bfa56d1b bf8afb26 bfa5f49b bf8717ad bfa28678 bf82e76a bfa30c34 bf7cd980 bfa06870 bf735475 bfa023cc bf69451d bf99c622 bf5eb12d bf9a101c bf539eac bf969915 bf4813e1 bf93292a bf3c175f bf90c843 bf2faff3 bf8e22b8 bf22e4ad bf8a6e2a bf15bcd0 bf870006 bf083fd7 bf82c22d bef4eadb bf7bfd33 bed8cad3 bf6fceba bebc2f91 bf67dfdf be9f295a bf5cc06a be81c8ac bf4e7059 be483c72 bf43ddbb be0c75be bf372987 bda0be65 bf29ec08 bca0d7cb bf1e46d9 3d20d2b6 bf0f749b 3dc8daf5 bf02371d 3e206d32 beec1863 3e5c11bc becd6156 3e8b9c97 beab80c8 3ea8e0f6 be8dd531 3ec5c559 be6d23da 3ee23952 be3616f4 3efe2cb7 be07906b 3f0cc7d2 bd539f01 3f1a2943 3c4d0a42 3f273315 3d8be8ec 3f33dddf 3df5d4dc 3f40226d 3e42e799 3f4bf9c7 3e823aab 3f575d30 3eaebf9b 3f624630 3ec1c6cf 3f6cae95 3edb281e 3f769072 3efaeaa1 3f7fe62a 3f0bc1d2 3f845539 3f187608 3f886c24 3f2391ee 3f8c3586 3f3594c6 3f8faf36 3f3e095b 3f92d73b 3f50957d 3f95abcb 3f5a1ca4 3f982b47 3f65388e 3f9a5446 3f71ecc2 3f9c258d 3f7d9580 3f9d9e14 3f8415d6 3f9ebd05 3f880d44 3f9f81bc 3f8c8c32 3f9febca 3f8fb93f 3f9ffaf3 3f932af2 3f9faf2d 3f965638 3f9f08a5 3f99c7ea 3f9e07b7 3f9ba14d 3f9cacf8 3f9cae8c 3f9af92b 3f9dbd90 3f98ed48 3fa4e75e 3f968a7a 3fa34d4a 3f93d21b 3fa5aff7 3f90c5b8 3fa5aff7 3f8d670b 3fa56d1b 3f89b7ff 3fa78ceb 3f85baac 3fa4e3d2 3f817157 3fa34d4a 3f79bcdd 3f9f0f70 3f700919 3f9c681e 3f65cce8 3f9be09e 3f5b0e1b 3f96135a 3f4fd2c9 3f932af2 3f442159 3f92e2bf 3f38006e 3f903d33 3f2b76ef 3f8ccb82 3f1e8bf9 3f86fc78 3f1146e7 3f83050b 3f03af42 3f7e9d6b 3eeb9987 3f7ae385 3ecf4ea1 3f6f41e2 3eb28de8 3f653172 3e9567b1 3f587d3b 3e6fd91c 3f4e6ccc 3e345a85 3f41bc26 3df0ead3 3f350462 3d712f5f 3f27ca73 26045e1f 3f1c2542 bd712f5f 3f0d5304 bdf0ead3 3efd018f be345a85 3ee39924 be6fd91c 3ec812b1 be9567b1 3e9ed3b1 beb28de8 3e75b86d becf4ea1 3e42e799 beeb9987 3e1cae8c bf03af42 3da97f30 bf1146e7 3ccc26c8 bf1e8bf9 bc4b434c bf2b76ef bda0ce2d bf38006e be0dd532 bf442159 be57e949 bf4fd2c9 be8aabb3 bf5b0e1b bea63941 bf65cce8 bec4e932 bf700919 beec1147 bf79bcdd bf045198 bf817157 bf0f749a bf85baac bf1d37d5 bf89b7ff bf2d9ed1 bf8d670b bf3a5306 bf90c5b8 bf4139f7 bf93d21b bf5a0e6c bf968a7a bf620464 bf98ed48 bf697112 bf9af92b bf759bfd bf9cacf8 bf7aee2d bf9e07b7 bf8499ca bf9f08a5 bf86fc78 bf9faf2d bf8ddc4e bf9ffaf3 bf9040c2 bf9febca bf92e64d bf9f81bc bf9657ff bf9ebd05 bf994067 bf9d9e14 bf9cf4f7 bf9c258d bf9e4a66 bf9a5446 bfa1fb69 bf982b47 bfa30a6d bf95abcb bfa52876 bf92d73b bfa63779 bf8faf36 bfa4a2ba bf8c3586 bfa63779 bf886c24 bfa5aff9 bf845539 bfa30c34 bf7fe62a bfa34f11 bf769072 bfa0ee2a bf6cae95 bf9c6bae bf624630 bf9b63c6 bf575d30 bf9a0c8f bf4bf9c7 bf972426 bf40226d bf9081d9 bf33dddf bf8c0122 bf273315 bf8bc1d2 bf1a2943 bf880d44 bf0cc7d2 bf83d131 befe2cb7 bf7730bd bee23952 bf71637a bec5c559 bf67530a bea8e0f6 bf6185c6 be8b9c97 bf57fe9c be5c11bc bf4a3b64 be206d32 bf3e0ceb bdc8daf5 bf28502d bd20d2b6 bf20ea9d 3ca0d7cb bf0f710c 3da0be65 bf05642b 3e0c75be bef5a319 3e483c72 bedd4d42 3e81c8ac beb834fe 3e9f295a bea42254 3ebc2f91 be801ca2 3ed8cad3 be44f04e 3ef4eadb be078233 3f083fd7 bda0ea9d 3f15bcd0 bced23da 3f22e4ad 3d213fea 3f2faff3 3dcb5fbc 3f3c175f 3e1ed3b1 3f4813e1 3e68e7c9 3f539eac 3e987995 3f5eb12d 3eafbcdb 3f69451d 3edc41ca 3f735475 3ef9e646 3f7cd980 3f091e0f 3f82e76a 3f1548fb 3f8717ad 3f230c34 3f8afb26 3f3267ba 3f8e8fa1 3f3e9635 3f91d314 3f48a316 3f94c3a5 3f57fe9c 3f975fa8 3f63a3cf 3f99a5a2 3f6e39f9 3f9b9446 3f795970 3f9d2a7c 3f80a425 3f9e675f 3f8567b8 3f9f4a38 3f8c8fc0 3f9fd288 3f8f3384 3fa00000 3f90839f 3f9fd288 3f94bfb1 3f9f4a38 3f97a81a 3f9e675f 3f9ad6ee 3f9d2a7c 3f9cae8c 3f9b9446 3fa02203 3f99a5a2 3fa12f42 3f975fa8 3fa391ee 3f94c3a5 3fa5f49c 3f91d314 3fa417aa 3f8e8fa1 3fa6c0c4 3f8afb26 3fa4e3d2 3f8717ad 3fa417aa 3f82e76a 3fa308a5 3f7cd980 3fa17220 3f735475 3f9f0f70 3f69451d 3f9cae8c 3f5eb12d 3f9a4bde 3f539eac 3f950456 3f4813e1 3f92a1a9 3f3c175f 3f92185f 3f2faff3 3f8e1f2b 3f22e4ad 3f895d5f 3f15bcd0 3f86732f 3f083fd7 3f82371d 3ef4eadb 3f7d051b 3ed8cad3 3f715fea 3ebc2f91 3f664405 3e9f295a 3f5dc852 3e81c8ac 3f522321 3e483c72 3f4703ad 3e0c75be 3f3f0db9 3da0be65 3f2b80c8 3ca0d7cb 3f16e4d5 bd20d2b6 3f1323d6 bdc8daf5 3f04dae1 be206d32 3ee6c9c1 be5c11bc 3eca37d6 be8b9c97 3ea316dd bea8e0f6 3e889be2 bec5c559 3e5c41ca bee23952 3e33f1d0 befe2cb7 3df9c9d8 bf0cc7d2 3d942830 bf1a2943 3c6cb21b bf273315 bda0b1bd bf33dddf be054ed7 bf40226d be40a605 bf4bf9c7 be88868e bf575d30 be9dc11e bf624630 beb83c1a bf6cae95 bedc3394 bf769072 befe1420 bf7fe62a bf0d5304 bf845539 bf1c2542 bf886c24 bf2af780 bf8c3586 bf37abb4 bf8faf36 bf43da2e bf92d73b bf4ef614 bf95abcb bf5a9ed4 bf982b47 bf66c9c1 bf9a5446 bf7050e8 bf9c258d bf7bf618 bf9d9e14 bf827bc1 bf9ebd05 bf873f56 bf9f81bc bf8af3e5 bf9febca bf914c38 bf9ffaf3 bf93b0ad bf9faf2d bf97a819 bf9f08a5 bf98fd89 bf9e07b7 bf9b5e71 bf9cacf8 bf9ece5a bf9af92b bfa0a986 bf98ed48 bfa2400c bf968a7a bfa34f11 bf93d21b bfa3d694 bf90c5b8 bfa4e598 bf8d670b bfa4a2ba bf89b7ff bfa67a57 bf85baac bfa41b38 bf817157 bfa1ba51 bf79bcdd bf9fe0ee bf700919 bf9cb5a9 bf65cce8 bf9e489f bf5b0e1b bf9543a6 bf4fd2c9 bf9616e7 bf442159 bf925d03 bf38006e bf910eb0 bf2b76ef bf8a6c63 bf1e8bf9 bf87c89f bf1146e7 bf8567b8 bf03af42 bf823c73 beeb9987 bf78d025 becf4ea1 bf6ebfb5 beb28de8 bf64b2d2 be9567b1 bf5553bc be6fd91c bf4a37d4 be345a85 bf43e14b bdf0ead3 bf32e9e8 bd712f5f bf2417aa 00000000 bf1d3b62 3d712f5f bf0ccd49 3df0ead3 bef9d80e 3e345a85 bede519c 3e6fd91c bec2cb29 3e9567b1 bea526ae 3eb28de8 be845198 3ecf4ea1 be4b3515 3eeb9987 be164d55 3f03af42 bdc6f904 3f1146e7 bd2962bf 3f1e8bf9 3c078233 3f2b76ef 3dba8be4 3f38006e 3e1ccafa 3f442159 3e608c12 3f4fd2c9 3e8894c6 3f5b0e1b 3ea969dc 3f65cce8 3ec819ce 3f700919 3ef280b5 3f79bcdd 3f070394 3f817157 3f0ffde4 3f85baac 3f187279 3f89b7ff 3f27ce01 3f8d670b 3f3507f0 3f90c5b8 3f457609 3f93d21b 3f5778e1 3f968a7a 3f5f67bb 3f98ed48 3f68659d 3f9af92b 3f7050e8 3f9cacf8 3f7621b8 3f9e07b7 3f8567b8 3f9f08a5 3f8c4b1b 3f9faf2d 3f8ddfdb 3f9ffaf3 3f91946b 3f9febca 3f976703 3f9f81bc 3f99850b 3f9ebd05 3f9a9249 3f9d9e14 3f9be42c 3f9c258d 3f9f9a82 3f9a5446 3fa1b88a 3f982b47 3fa30a6d 3f95abcb 3fa45e15 3f92d73b 3fa39028 3f8faf36 3fa05f8d 3f8c3586 3fa308a5 3f886c24 3fa67c1f 3f845539 3fa74846 3f7fe62a 3fa16e91 3f769072 3f9fdb98 3f6cae95 3f9be5f3 3f624630 3f9b163d 3f575d30 3f97ee85 3f4bf9c7 3f958a11 3f40226d 3f92e486 3f33dddf 3f8fb778 3f273315 3f8c45c7 3f1a2943 3f884c93 3f0cc7d2 3f84dae1 3efe2cb7 3f7d08a9 3ee23952 3f759bfd 3ec5c559 3f6b05d1 3ea8e0f6 3f620464 3e8b9c97 3f55d5eb 3e5c11bc 3f481640 3e206d32 3f3594c8 3dc8daf5 3f2d9ed1 3d20d2b6 3f20ea9d bca0d7cb 3f175fe7 bda0be65 3f0916f3 be0c75be 3ef7b2ea be483c72 3ed1a483 be81c8ac 3ebc7111 be9f295a 3e9a9081 bebc2f91 3e6f48fe bed8cad3 3e340008 bef4eadb 3e078233 bf083fd7 3db608be bf15bcd0 3c4c26c8 bf22e4ad bd20ce2d bf2faff3 bdeceafb bf3c175f be2b79ac bf4813e1 be7151b4 bf539eac be9ca76e bf5eb12d beba4beb bf69451d beda0e6c bf735475 bef6a058 bf7cd980 bf089137 bf82e76a bf165470 bf8717ad bf21f9a1 bf8afb26 bf30cbde bf8e8fa1 bf3a5693 bf91d314 bf4cd80d bf94c3a5 bf5b2102 bf975fa8 bf617eaa bf99a5a2 bf6d23da bf9b9446 bf749088 bf9d2a7c bf805db9 bf9e675f bf85a8d0 bf9f4a38 bf8d1027 bf9fd288 bf8eaa3c bfa00000 bf92e486 bf9fd288 bf93f551 bf9f4a38 bf9657ff bf9e675f bf98332a bf9d2a7c bf9d7c79 bf9b9446 bfa064e2 bf99a5a2 bfa0ee2a bf975fa8 bfa67891 bf94c3a5 bfa0eff2 bf91d314 bfa67a57 bf8e8fa1 bfa52876 bf8afb26 bfa45fdd bf8717ad bfa3957c bf82e76a bfa41b38 bf7cd980 bfa3d694 bf735475 bf9c6bae bf69451d bf9dc11e bf5eb12d bf97a81a bf539eac bf9657ff bf4813e1 bf9439f6 bf3c175f bf926092 bf2faff3 bf8e675d bf22e4ad bf8b3a50 bf15bcd0 bf8676bc bf083fd7 bf80e53b bef4eadb bf7aee30 bed8cad3 bf6a7c87 bebc2f91 bf67dfdf be9f295a bf5ee202 be81c8ac bf5091f1 be483c72 bf44ecc1 be0c75be bf38c1d4 bda0be65 bf2a7553 bca0d7cb bf1c28d0 3d20d2b6 bf0f749b 3dc8daf5 bf02371d 3e206d32 beed2af5 3e5c11bc bece7b04 3e8b9c97 bead9ed1 3ea8e0f6 be88868e 3ec5c559 be68e7c9 3ee23952 be3a613e 3efe2cb7 bde0616c 3f0cc7d2 bd318594 3f1a2943 3b89492a 3f273315 3d6d5cb9 3f33dddf 3dd3bb6f 3f40226d 3e23018a 3f4bf9c7 3e857262 3f575d30 3ea970f8 3f624630 3ec9337c 3f6cae95 3edc3aaf 3f769072 3ef8cc98 3f7fe62a 3f0bc1d2 3f845539 3f1a0e55 3f886c24 3f274846 3f8c3586 3f32642e 3f8faf36 3f40b0ae 3f92d73b 3f489bf9 3f95abcb 3f5cc3fa 3f982b47 3f664792 3f9a5446 3f70ddbd 3f9c258d 3f80630d 3f9d9e14 3f8415d6 3f9ebd05 3f880d44 3f9f81bc 3f8cd29e 3f9febca 3f91518d 3f9ffaf3 3f94382e 3f9faf2d 3f97225e 3f9f08a5 3f99c7ea 3f9e07b7 3f9cf4f7 3f9cacf8 3f9c6bae 3f9af92b 3fa0ee2a 3f98ed48 3fa5b386 3f968a7a 3fa2c78e 3f93d21b 3fa308a5 3f90c5b8 3fa45c4e 3f8d670b 3fa4e3d2 3f89b7ff 3fa8146b 3f85baac 3fa1afa8 3f817157 3fa30a6d 3f79bcdd 3f9dbbc8 3f700919 3f9c681e 3f65cce8 3f9b9dc0 3f5b0e1b 3f97225e 3f4fd2c9 3f94bfb1 3f442159 3f93aee5 3f38006e 3f8ffa56 3f2b76ef 3f8ccd49 3f1e8bf9 3f87c89f 3f1146e7 3f8499ca 3f03af42 3f7e17af 3eeb9987 3f794ec5 3ecf4ea1 3f6f41e2 3eb28de8 3f64226c 3e9567b1 3f57f780 3e6fd91c 3f4cdb9c 3e345a85 3f40ad21 3df0ead3 3f347ea6 3d712f5f 3f27ca73 26045e1f 3f1b163d bd712f5f 3f0d5304 bdf0ead3 3f009ecf be345a85 3ee7ce1a be6fd91c 3ed4b8af be9567b1 3ea526ae beb28de8 3e8023bf becf4ea1 3e4d6872 beeb9987 3e165b8d bf03af42 3da534e5 bf1146e7 3cdcde2f bf1e8bf9 bca8f102 bf2b76ef bdb1a204 bf38006e be0bbe44 bf442159 be53bb6f bf4fd2c9 be8dd532 bf5b0e1b beab80c8 bf65cce8 bece6ccc bf700919 beee2835 bf79bcdd bf066fa1 bf817157 bf12185f bf85baac bf1ecc95 bf89b7ff bf2fb94b bf8d670b bf37af43 bf90c5b8 bf45727c bf93d21b bf5117ac bf968a7a bf5cbcdc bf98ed48 bf65be4a bf9af92b bf77b678 bf9cacf8 bf80e375 bf9e07b7 bf8499ca bf9f08a5 bf880b7c bf9faf2d bf8d11ed bf9ffaf3 bf92185f bf9febca bf94bfb1 bf9f81bc bf99817d bf9ebd05 bf9be42c bf9d9e14 bf9c2a96 bf9c258d bf9b1f20 bf9a5446 bfa0ee2a bf982b47 bfa284b1 bf95abcb bfa30c34 bf92d73b bfa56d1b bf8faf36 bfa56d1b bf8c3586 bfa5aff9 bf886c24 bfa5aff9 bf845539 bfa41b38 bf7fe62a bfa34f11 bf769072 bf9f14c6 bf6cae95 bf9f9a82 bf624630 bf98b71e bf575d30 bf969add bf4bf9c7 bf9548fb bf40226d bf954c89 bf33dddf bf933047 bf273315 bf8b3a50 bf1a2943 bf85214c bf0cc7d2 bf8238e4 befe2cb7 bf76a772 bee23952 bf71637a bec5c559 bf66cd4d bea8e0f6 bf631e12 be8b9c97 bf56664f be5c11bc bf4a3b64 be206d32 bf3fa537 bdc8daf5 bf295f33 bd20d2b6 bf1fdb98 3ca0d7cb bf11095b 3da0be65 bf0cd464 3e0c75be beec1147 3e483c72 bed3bb6f 3e81c8ac beb1d3c6 3e9f295a be99850b 3ebc2f91 be7e1420 3ed8cad3 be42cb29 3ef4eadb be055d0e 3f083fd7 bd98560a 3f15bcd0 bcfddb40 3f22e4ad 3d07bb12 3f2faff3 3dba6f76 3f3c175f 3e1a979e 3f4813e1 3e6f5737 3f539eac 3e932af2 3f5eb12d 3eb2ed77 3f69451d 3eda23c1 3f735475 3ef9e646 3f7cd980 3f0ab65c 3f82e76a 3f1548fb 3f8717ad 3f228678 3f8afb26 3f31e200 3f8e8fa1 3f3e0ceb 3f91d314 3f4ac4ae 3f94c3a5 3f56ef99 3f975fa8 3f63a3cf 3f99a5a2 3f705804 3f9b9446 3f79df2a 3f9d2a7c 3f8129e0 3f9e675f 3f85aa96 3f9f4a38 3f8c4b1b 3f9fd288 3f8e22b8 3fa00000 3f910b22 3f9fd288 3f947b0d 3f9f4a38 3f96974e 3f9e675f 3f9ba14d 3f9d2a7c 3f9cae8c 3f9b9446 3f9fdd5e 3f99a5a2 3f9f96f4 3f975fa8 3fa23e46 3f94c3a5 3fa67de5 3f91d314 3fa308a5 3f8e8fa1 3fa6377a 3f8afb26 3fa56d1b 3f8717ad 3fa45c4e 3f82e76a 3fa3d4cc 3f7cd980 3fa1f9a1 3f735475 3fa12f42 3f69451d 3f9ba14e 3f5eb12d 3f99c45b 3f539eac 3f954734 3f4813e1 3f92e486 3f3c175f 3f91d3bb 3f2faff3 3f8ea6ae 3f22e4ad 3f8aaf40 3f15bcd0 3f86732f 3f083fd7 3f81af9b 3ef4eadb 3f795254 3ed8cad3 3f6e366b 3ebc2f91 3f66c9c1 3e9f295a 3f5badda 3e81c8ac 3f51141f 3e483c72 3f4812b1 3e0c75be 3f394074 3da0be65 3f2eaa48 3ca0d7cb 3f1e46da bd20d2b6 3f0eeedf bdc8daf5 3efe1b3b be206d32 3ee6c9c1 be5c11bc 3ecd6156 be8b9c97 3ea6405c bea8e0f6 3e8ffa56 bec5c559 3e607ddc bee23952 3e3608be befe2cb7 3dfdf7b1 bf0cc7d2 3d8bb00c bf1a2943 3c6cb21b bf273315 bd6d23da bf33dddf bded23da bf40226d be4f62ee bf4bf9c7 be88868e bf575d30 bea0ea9d bf624630 bec4e216 bf6cae95 bee8d98f bf769072 bef9d80e bf7fe62a bf0e6209 bf845539 bf1dba02 bf886c24 bf2853bc bf8c3586 bf37abb4 bf8faf36 bf3fa1ab bf92d73b bf4d6156 bf95abcb bf5771c4 bf982b47 bf66c9c1 bf9a5446 bf6fceb9 bf9c258d bf7a6155 bf9d9e14 bf80a25d bf9ebd05 bf878233 bf9f81bc bf8ab107 bf9febca bf914c38 bf9ffaf3 bf936c07 bf9faf2d bf972097 bf9f08a5 bf9b1804 bf9e07b7 bf9e0234 bf9cacf8 bf9f12ff bf9af92b bfa0a986 bf98ed48 bfa2400c bf968a7a bfa391ef bf93d21b bfa4e598 bf90c5b8 bfa56d1b bf8d670b bfa41b38 bf89b7ff bfa56d1b bf85baac bfa52876 bf817157 bfa17774 bf79bcdd bfa06870 bf700919 bf9beb47 bf65cce8 bf9d7e41 bf5b0e1b bf969915 bf4fd2c9 bf93f552 bf442159 bf910b22 bf38006e bf8fbb07 bf2b76ef bf8c8c32 bf1e8bf9 bf891c48 bf1146e7 bf84140f bf03af42 bf827f4f beeb9987 bf79df2a becf4ea1 bf6d2767 beb28de8 bf62913c be9567b1 bf5a1ca4 be6fd91c bf512257 be345a85 bf44f3de bdf0ead3 bf33fc7b bd712f5f bf206154 00000000 bf18fbc2 3d712f5f bf0b388a 3df0ead3 bef594e0 3e345a85 bedd3f0a 3e6fd91c bec0ad21 3e9567b1 bea3018a 3eb28de8 be845198 3ecf4ea1 be4f7125 3eeb9987 be0fec1f 3f03af42 bdbe80e1 3f1146e7 bd2929e1 3f1e8bf9 3c98ab58 3f2b76ef 3dbed62e 3f38006e 3e07906b 3f442159 3e6b295a 3f4fd2c9 3e8bc562 3f5b0e1b 3ea969dc 3f65cce8 3ec70e56 3f700919 3ee18237 3f79bcdd 3f04e1fd 3f817157 3f143d83 3f85baac 3f1d37d5 3f89b7ff 3f21f286 3f8d670b 3f38c1d4 3f90c5b8 3f446377 3f93d21b 3f522a3f 3f968a7a 3f5f67bb 3f98ed48 3f69749f 3f9af92b 3f749088 3f9cacf8 3f79d80e 3f9e07b7 3f85ac5e 3f9f08a5 3f8a6ff0 3f9faf2d 3f8ddfdb 3f9ffaf3 3f90c843 3f9febca 3f9548fb 3f9f81bc 3f98fd89 3f9ebd05 3f9ba314 3f9d9e14 3f9e8d43 3f9c258d 3fa0ee2a 3f9a5446 3fa173e6 3f982b47 3fa45e15 3f95abcb 3fa41971 3f92d73b 3fa4a0f3 3f8faf36 3fa5f49c 3f8c3586 3fa27f5c 3f886c24 3fa2c400 3f845539 3fa12d7b 3f7fe62a 3fa391ee 3f769072 3f9f9366 3f6cae95 3f9b19cc 3f624630 3f9e489f 3f575d30 3f97a9e1 3f4bf9c7 3f93f38b 3f40226d 3f925b3d 3f33dddf 3f8e63d0 3f273315 3f8b36c3 3f1a2943 3f86fab2 3f0cc7d2 3f83017d 3efe2cb7 3f79db9a 3ee23952 3f759bfd 3ec5c559 3f68e7c9 3ea8e0f6 3f6200d6 3e8b9c97 3f52aff9 3e5c11bc 3f4d5a39 3e206d32 3f38c1d4 3dc8daf5 3f30cbde 3d20d2b6 3f238e60 bca0d7cb 3f18f4a7 bda0be65 3f06f8ea be0c75be 3ef26b62 be483c72 3ec3ebf3 be81c8ac 3eb1e1fe be9f295a 3e9ba315 bebc2f91 3e82338f bed8cad3 3e4b434c bef4eadb 3e0bbe44 bf083fd7 3d75f14a bf15bcd0 3ca962bf bf22e4ad bcaa463c bf2faff3 bddc1723 bf3c175f be2526ae bf4813e1 be6afeb5 bf539eac be9976d3 bf5eb12d bebb5761 bf69451d bed7f064 bf735475 bef26b62 bf7cd980 bf0807ee bf82e76a bf15456c bf8717ad bf2526ae bf8afb26 bf304623 bf8e8fa1 bf3d8013 bf91d314 bf4bc908 bf94c3a5 bf5662c3 bf975fa8 bf631368 bf99a5a2 bf7376d8 bf9b9446 bf77344a bf9d2a7c bf801adc bf9e675f bf8565f2 bf9f4a38 bf8d5304 bf9fd288 bf8f2ff7 bfa00000 bf932764 bf9fd288 bf92a36f bf9f4a38 bf94c33f bf9e675f bf9a940f bf9d2a7c bf9d7c79 bf9b9446 bfa23e46 bf99a5a2 bfa175ad bf975fa8 bfa391ef bf94c3a5 bfa13495 bf91d314 bfa63779 bf8e8fa1 bfa5f49b bf8afb26 bfa41b38 bf8717ad bfa2c956 bf82e76a bfa13495 bf7cd980 bfa2400c bf735475 bfa0ab4d bf69451d bf9a4da5 bf5eb12d bf9a11e3 bf539eac bf95ccef bf4813e1 bf93292a bf3c175f bf903efb bf2faff3 bf8d9b37 bf22e4ad bf8af5ac bf15bcd0 bf87411c bf083fd7 bf8415d6 bef4eadb bf795254 bed8cad3 bf6d23da bebc2f91 bf664792 be9f295a bf607a4e be81c8ac bf51a0f5 be483c72 bf446377 be0c75be bf394790 bda0be65 bf2c0a11 bca0d7cb bf1fdf28 3d20d2b6 bf0ffde4 3dc8daf5 bf02371d 3e206d32 bee39924 3e5c11bc bece73e9 3e8b9c97 beb1e200 3ea8e0f6 be9105cd 3ec5c559 be68e7c9 3ee23952 be2d9ed1 3efe2cb7 bdc6dc94 3f0cc7d2 bd648f47 3f1a2943 3c0865ae 3f273315 3d6d5cb9 3f33dddf 3dfa02b5 3f40226d 3e31dae4 3f4bf9c7 3e812f35 3f575d30 3e9a9081 3f624630 3ed1b2bb 3f6cae95 3ee5c565 3f769072 3efbfd33 3f7fe62a 3f0cd0d7 3f845539 3f1a940f 3f886c24 3f2c9a77 3f8c3586 3f2f3393 3f8faf36 3f4820e9 3f92d73b 3f4b434c 3f95abcb 3f5c3aaf 3f982b47 3f64af44 3f9a5446 3f70ddbd 3f9c258d 3f79db9d 3f9d9e14 3f82c22d 3f9ebd05 3f86b99b 3f9f81bc 3f8c0677 3f9febca 3f8fbb07 3f9ffaf3 3f932af2 3f9faf2d 3f97225e 3f9f08a5 3f98fbc2 3f9e07b7 3f9be5f2 3f9cacf8 3fa023cc 3f9af92b 3fa13108 3f98ed48 3f9ecacc 3f968a7a 3fa2c5c8 3f93d21b 3fa63941 3f90c5b8 3fa4e3d2 3f8d670b 3fa4e3d2 3f89b7ff 3fa5aff7 3f85baac 3fa0e8d6 3f817157 3fa2c5c8 3f79bcdd 3fa23e46 3f700919 3f9b1b93 3f65cce8 3f9b5755 3f5b0e1b 3f98b71e 3f4fd2c9 3f95028e 3f442159 3f93b0ad 3f38006e 3f8fb778 3f2b76ef 3f8ea4e6 3f1e8bf9 3f87c6d8 3f1146e7 3f8347e8 3f03af42 3f7fa8e0 3eeb9987 3f7ae385 3ecf4ea1 3f704d59 3eb28de8 3f639cb2 3e9567b1 3f590685 3e6fd91c 3f4cd80d 3e345a85 3f3f9e1b 3df0ead3 3f32e9e8 3d712f5f 3f2635b4 26045e1f 3f18fbc2 bd712f5f 3f0ddc4e bdf0ead3 3efe1420 be345a85 3ed805b9 be6fd91c 3ec5f4a9 be9567b1 3eb1ccab beb28de8 3e79f47d becf4ea1 3e649d7e beeb9987 3e20ea9d bf03af42 3dc2cb29 bf1146e7 3cfe4cfd bf1e8bf9 bcdbfab4 bf2b76ef bdad9099 bf38006e be164d55 bf442159 be55d25c bf4fd2c9 be8aabb3 bf5b0e1b beab80c8 bf65cce8 becd5a39 bf700919 bee9f33f bf79bcdd bf06f55c bf817157 bf11095b bf85baac bf1ecc95 bf89b7ff bf2b80c8 bf8d670b bf3ad8c1 bf90c5b8 bf4cd0f1 bf93d21b bf554ca1 bf968a7a bf5fe65c bf98ed48 bf6b8b8b bf9af92b bf705475 bf9cacf8 bf80a097 bf9e07b7 bf7fb388 bf9f08a5 bf88d5dc bf9faf2d bf8dde14 bf9ffaf3 bf90c845 bf9febca bf95028e bf9f81bc bf9b5ae2 bf9ebd05 bf9b19cc bf9d9e14 bf9c2a96 bf9c258d bf9ed021 bf9a5446 bf9f14c6 bf982b47 bfa0ab4d bf95abcb bfa2c956 bf92d73b bfa5aff9 bf8faf36 bfa4a2ba bf8c3586 bfa4a2ba bf886c24 bfa52a3d bf845539 bfa41b38 bf7fe62a bfa30a6d bf769072 bf9f5ec0 bf6cae95 bf9ed021 bf624630 bf987279 bf575d30 bf93f1c3 bf4bf9c7 bf9509ab bf40226d bf903d34 bf33dddf bf8d54cb bf273315 bf88d415 bf1a2943 bf8894c6 bf0cc7d2 bf84e035 befe2cb7 bf823c73 bee23952 bf795970 bec5c559 bf6e3d87 bea8e0f6 bf5cbcdc be8b9c97 bf53beff be5c11bc bf45f836 be206d32 bf394400 bdc8daf5 bf36219f bd20d2b6 bf2173e6 3ca0d7cb bf0ff6c8 3da0be65 bf091e0f 3e0c75be beff34eb 3e483c72 beda1ca4 3e81c8ac beb94790 3e9f295a be9ed3b1 3ebc2f91 be79d80e 3ed8cad3 be33e398 3ef4eadb bdf9ad68 3f083fd7 bd8fdde6 3f15bcd0 bc280d87 3f22e4ad 3d432077 3f2faff3 3dd82228 3f3c175f 3e2fd22d 3f4813e1 3e716e24 3f539eac 3e965b8d 3f5eb12d 3eb40008 3f69451d 3ed091f1 3f735475 3ef05b91 3f7cd980 3f05ed74 3f82e76a 3f1a11e3 3f8717ad 3f2064e1 3f8afb26 3f2fc068 3f8e8fa1 3f471574 3f91d314 3f479411 3f94c3a5 3f5117ac 3f975fa8 3f63a3cf 3f99a5a2 3f6ebfb5 3f9b9446 3f78d025 3f9d2a7c 3f82c22d 3f9e675f 3f8565f1 3f9f4a38 3f89a203 3f9fd288 3f8ccf10 3fa00000 3f914dff 3f9fd288 3f969ca3 3f9f4a38 3f97a9e1 3f9e675f 3f9a9249 3f9d2a7c 3f9f57a4 3f9b9446 3f9fdd5e 3f99a5a2 3fa34f11 3f975fa8 3fa17220 3f94c3a5 3fa12d7b 3f91d314 3fa52876 3f8e8fa1 3fa45c4e 3f8afb26 3fa56b53 3f8717ad 3fa39028 3f82e76a 3fa4a0f3 3f7cd980 3fa30a6d 3f735475 3f9fd0ee 3f69451d 3f9b5e71 3f5eb12d 3f9be264 3f539eac 3f97ecbe 3f4813e1 3f92a36f 3f3c175f 3f9192a4 3f2faff3 3f8f72d4 3f22e4ad 3f8ab107 3f15bcd0 3f85ed73 3f083fd7 3f81b163 3ef4eadb 3f7a6155 3ed8cad3 3f6fceb9 3ebc2f91 3f66c9c1 3e9f295a 3f5c3394 3e81c8ac 3f51141f 3e483c72 3f44e932 3e0c75be 3f3725f8 3da0be65 3f2d9b45 3ca0d7cb 3f238ad2 bd20d2b6 3f1541df bdc8daf5 3ef9df2a be206d32 3eda23c1 be5c11bc 3ec4f04e be8b9c97 3ead9ed1 bea8e0f6 3e8ffa56 bec5c559 3e5805b9 bee23952 3e2962bf befe2cb7 3dfdf7b1 bf0cc7d2 3d8765c4 bf1a2943 bc497c55 bf273315 bda929e1 bf33dddf bde4abb6 bf40226d be3a5306 bf4bf9c7 be7e1420 bf575d30 beafaea3 bf624630 beca299e bf6cae95 bedf5d12 bf769072 bef5a319 bf7fe62a bf09a3ca bf845539 bf1a9081 bf886c24 bf27ca73 bf8c3586 bf358dac bf8faf36 bf41bc26 bf92d73b bf4c55de bf95abcb bf5b248f bf982b47 bf65baba bf9a5446 bf70da30 bf9c258d bf7ae711 bf9d9e14 bf845527 bf9ebd05 bf8674f6 bf9f81bc bf8851e8 bf9febca bf8f749a bf9ffaf3 bf960fcd bf9faf2d bf95ceb5 bf9f08a5 bf994067 bf9e07b7 bf9d37d5 bf9cacf8 bf9f55dd bf9af92b bfa173e6 bf98ed48 bfa13108 bf968a7a bfa34f11 bf93d21b bfa52876 bf90c5b8 bfa3d694 bf8d670b bfa4e598 bf89b7ff bfa41b38 bf85baac bfa30c34 bf817157 bfa17774 bf79bcdd bfa3d4cc bf700919 bf9dbf55 bf65cce8 bf9c3540 bf5b0e1b bf95ccef bf4fd2c9 bf95028e bf442159 bf93292a bf38006e bf926092 bf2b76ef bf91dc9e bf1e8bf9 bf86b60d bf1146e7 bf841248 bf03af42 bf7e9d68 beeb9987 bf7a6872 becf4ea1 bf6d2767 beb28de8 bf631a86 be9567b1 bf57fb10 be6fd91c bf49ae8c be345a85 bf3e095b bdf0ead3 bf2f3393 bd712f5f bf26befd 00000000 bf1a940f 3d712f5f bf0d5a20 3df0ead3 bef9d80e 3e345a85 bedc3394 3e6fd91c bec0ad21 3e9567b1 bea63941 3eb28de8 be878233 3ecf4ea1 be55d25c 3eeb9987 be1cae8c 3f03af42 bdc2cb29 3f1146e7 bd3a5306 3f1e8bf9 3c4b434c 3f2b76ef 3d878233 3f38006e 3e1669c3 3f442159 3e6d4e7f 3f4fd2c9 3e8894c6 3f5b0e1b 3ea526ae 3f65cce8 3ecc5cf9 3f700919 3eea0177 3f79bcdd 3f02c3f4 3f817157 3f0ffde4 3f85baac 3f217b03 3f89b7ff 3f27ca73 3f8d670b 3f3e99c1 3f90c5b8 3f492c60 3f93d21b 3f52aff9 3f968a7a 3f5c3722 3f98ed48 3f6d2af5 3f9af92b 3f749088 3f9cacf8 3f7d08ab 3f9e07b7 3f838c8d 3f9f08a5 3f8892ff 3f9faf2d 3f8c8c32 3f9ffaf3 3f914fc6 3f9febca 3f947cd3 3f9f81bc 3f98fd89 3f9ebd05 3f9ba314 3f9d9e14 3f9ed022 3f9c258d 3f9fdf28 3f9a5446 3fa175ad 3f982b47 3fa1fb69 3f95abcb 3fa2c5c8 3f92d73b 3fa45c4e 3f8faf36 3fa52876 3f8c3586 3fa0e70e 3f886c24 3fa01caf 3f845539 3fa8590f 3f7fe62a 3fa2c074 3f769072 3fa173e6 3f6cae95 3f9d37d5 3f624630 3f9a9081 3f575d30 3f97eaf7 3f4bf9c7 3f958a11 3f40226d 3f92e486 3f33dddf 3f8fb778 3f273315 3f8bbe44 3f1a2943 3f889137 3f0cc7d2 3f83cda3 3efe2cb7 3f7f2325 3ee23952 3f738182 3ec5c559 3f6b05d1 3ea8e0f6 3f5d4626 3e8b9c97 3f55d5eb 3e5c11bc 3f489bfa 3e206d32 3f394400 3dc8daf5 3f32e65b 3d20d2b6 3f263225 bca0d7cb 3f165470 bda0be65 3f06f8ea be0c75be 3ee3a75c be483c72 3ec71574 be81c8ac 3eb1e1fe be9f295a 3e9cae8c bebc2f91 3e7beefb bed8cad3 3e3c782b bef4eadb 3e0bbe44 bf083fd7 3dad9099 bf15bcd0 3d18399a bf22e4ad bd536621 bf2faff3 bdf990f8 bf3c175f be31ccab bf4813e1 be66d0dd bf539eac be975fe7 bf5eb12d beba4beb bf69451d bed6e4ef bf735475 bef4896a bf7cd980 bf0807ee bf82e76a bf15456c bf8717ad bf2173e6 bf8afb26 bf315198 bf8e8fa1 bf3e8f19 bf91d314 bf492542 bf94c3a5 bf57f780 bf975fa8 bf653172 bf99a5a2 bf6c9e1f bf9b9446 bf78c90a bf9d2a7c bf801adc bf9e675f bf84140f bf9f4a38 bf8a2984 bf9fd288 bf8f72d4 bfa00000 bf925d03 bf9fd288 bf94bfb1 bf9f4a38 bf97a9e1 bf9e675f bf9b19cc bf9d2a7c bf9c6f3c bf9b9446 bfa0a7c0 bf99a5a2 bfa30a6d bf975fa8 bfa17774 bf94c3a5 bfa2c956 bf91d314 bfa5b1bd bf8e8fa1 bfa744b8 bf8afb26 bfa63779 bf8717ad bfa52876 bf82e76a bfa241d4 bf7cd980 bfa1fd2e bf735475 bf9fdf26 bf69451d bf98f9fc bf5eb12d bf99cd3f bf539eac bf95028e bf4813e1 bf92a1a9 bf3c175f bf914fc6 bf2faff3 bf8eeee0 bf22e4ad bf8ab2cf bf15bcd0 bf8785c0 bf083fd7 bf8415d6 bef4eadb bf7c00c3 bed8cad3 bf716706 bebc2f91 bf617eaa be9f295a bf5cc06a be81c8ac bf500c34 be483c72 bf44ecc1 be0c75be bf3616f4 bda0be65 bf2962bf bca0d7cb bf1cae8c 3d20d2b6 bf0f749b 3dc8daf5 bf01b161 3e206d32 bee5be49 3e5c11bc bece73e9 3e8b9c97 beb0cf6e 3ea8e0f6 be8cc29f 3ec5c559 be6b0ced 3ee23952 be31dae4 3efe2cb7 bded23da 3f0cc7d2 bd757f8d 3f1a2943 3b89492a 3f273315 3da13fea 3f33dddf 3df5d4dc 3f40226d 3e44fe86 3f4bf9c7 3e7e1420 3f575d30 3eaa8389 3f624630 3eb834fe 3f6cae95 3ee29be4 3f769072 3efd0fc5 3f7fe62a 3f0bc1d2 3f845539 3f1a0e55 3f886c24 3f29664e 3f8c3586 3f315527 3f8faf36 3f3be7c7 3f92d73b 3f4e73e9 3f95abcb 3f5aa261 3f982b47 3f65388e 3f9a5446 3f72760c 3f9c258d 3f7a64e6 3f9d9e14 3f8458b4 3f9ebd05 3f880d44 3f9f81bc 3f8d157c 3f9febca 3f9040c2 3f9ffaf3 3f936dcf 3f9faf2d 3f97225e 3f9f08a5 3f99c622 3f9e07b7 3f9cb052 3f9cacf8 3f9d360c 3f9af92b 3f9e006c 3f98ed48 3f9e87f0 3f968a7a 3fa34d4a 3f93d21b 3fa8146b 3f90c5b8 3fa45c4e 3f8d670b 3fa4a0f3 3f89b7ff 3fa45c4e 3f85baac 3fa5f49c 3f817157 3fa5f664 3f79bcdd 3f9fd9d1 3f700919 3f9d3447 3f65cce8 3f9b1804 3f5b0e1b 3f99817d 3f4fd2c9 3f976375 3f442159 3f92e486 3f38006e 3f8fb778 3f2b76ef 3f8c478e 3f1e8bf9 3f8918ba 3f1146e7 3f867168 3f03af42 3f7bfd33 3eeb9987 3f783fc0 3ecf4ea1 3f704d59 3eb28de8 3f64226c 3e9567b1 3f587d3b 3e6fd91c 3f4b434c 3e345a85 3f3d83a1 3df0ead3 3f31dae4 3d712f5f 3f24a482 26045e1f 3f176703 bd712f5f 3f0b34fb bdf0ead3 3efae385 be345a85 3ee06fa4 be6fd91c 3ecf7126 be9567b1 3ea85749 beb28de8 3e878233 becf4ea1 3e51a483 beeb9987 3e122db3 bf03af42 3db1dae4 bf1146e7 3d1016c6 bf1e8bf9 bcecb21b bf2b76ef bdb1be73 bf38006e be142830 bf442159 be649d7e bf4fd2c9 be8ee7c4 bf5b0e1b beaa6e35 bf65cce8 bec812b1 bf700919 bee7d537 bf79bcdd bf077b17 bf817157 bf14b896 bf85baac bf230518 bf89b7ff bf263ccf bf8d670b bf36a03e bf90c5b8 bf467df1 bf93d21b bf5eccac bf968a7a bf606fa4 bf98ed48 bf6b8b8b bf9af92b bf6fceb9 bf9cacf8 bf7d8e65 bf9e07b7 bf83cf6b bf9f08a5 bf880b7c bf9faf2d bf8d11ed bf9ffaf3 bf8eeedf bf9febca bf936dcf bf9f81bc bf98fbc2 bf9ebd05 bf9b19cc bf9d9e14 bf9943f5 bf9c258d bf9f12ff bf9a5446 bfa1b88a bf982b47 bfa0ee2a bf95abcb bfa284b1 bf92d73b bfa350d9 bf8faf36 bfa5f49b bf8c3586 bfa56d1b bf886c24 bfa5b1bd bf845539 bfa41b38 bf7fe62a bfa284b1 bf769072 bfa0ee2a bf6cae95 bf9b5ca9 bf624630 bf9a54c1 bf575d30 bf97653b bf4bf9c7 bf95d07d bf40226d bf8f2e30 bf33dddf bf8dde14 bf273315 bf8bc00c bf1a2943 bf8851e8 bf0cc7d2 bf838c8d befe2cb7 bf7f2a40 bee23952 bf6eb899 bec5c559 bf67dc53 bea8e0f6 bf5dcbdf be8b9c97 bf5996ec be5c11bc bf4df1ba be206d32 bf424c8a bdc8daf5 bf2eb164 bd20d2b6 bf2173e6 3ca0d7cb bf13b0ad 3da0be65 bf02bcd8 3e0c75be bef5a319 3e483c72 bece6ccc 3e81c8ac beafb5c0 3e9f295a be987279 3ebc2f91 be856b47 3ed8cad3 be492c60 3ef4eadb be078233 3f083fd7 bd98560a 3f15bcd0 bc4a5fd1 3f22e4ad 3d299b9f 3f2faff3 3dba6f76 3f3c175f 3e20f8d5 3f4813e1 3e6b0ced 3f539eac 3e987995 3f5eb12d 3eb1dae4 3f69451d 3ecf867a 3f735475 3ef8dad0 3f7cd980 3f0567b8 3f82e76a 3f198c27 3f8717ad 3f23957c 3f8afb26 3f2fc068 3f8e8fa1 3f3e9635 3f91d314 3f4bd024 3f94c3a5 3f522a3f 3f975fa8 3f63a3cf 3f99a5a2 3f6f48fe 3f9b9446 3f78d025 3f9d2a7c 3f812ba6 3f9e675f 3f84de6f 3f9f4a38 3f8ab2cf 3f9fd288 3f8fb93f 3fa00000 3f93b273 3f9fd288 3f950456 3f9f4a38 3f96dbf3 3f9e675f 3f969587 3f9d2a7c 3f9d37d5 3f9b9446 3fa13108 3f99a5a2 3fa2400d 3f975fa8 3fa45e15 3f94c3a5 3fa63b09 3f91d314 3fa3d4cc 3f8e8fa1 3fa2c400 3f8afb26 3fa67c1f 3f8717ad 3fa417aa 3f82e76a 3fa39028 3f7cd980 3fa30a6d 3f735475 3f9f0f72 3f69451d 3f9d3447 3f5eb12d 3f9b163d 3f539eac 3f97e931 3f4813e1 3f936c07 3f3c175f 3f90c67d 3f2faff3 3f8ddc4e 3f22e4ad 3f8a27be 3f15bcd0 3f85a8d0 3f083fd7 3f816cbd 3ef4eadb 3f795254 3ed8cad3 3f7050e8 3ebc2f91 3f6534ff 3e9f295a 3f590a14 3e81c8ac 3f508e63 3e483c72 3f44e932 3e0c75be 3f39c9bc 3da0be65 3f2c8c40 3ca0d7cb 3f1d37d5 bd20d2b6 3f0cd0d7 bdc8daf5 3efe1b3b be206d32 3ee3a75c be5c11bc 3ecb434c be8b9c97 3eafbcdb bea8e0f6 3e857263 bec5c559 3e6294ca bee23952 3e20f8d4 befe2cb7 3e0bb00c bf0cc7d2 3da0ce2d bf1a2943 3c878233 bf273315 bd2962bf bf33dddf be0112c5 bf40226d be3c69f3 bf4bf9c7 be79d80e bf575d30 be9dc11e bf624630 bec4e216 bf6cae95 bed90a14 bf769072 bf01248a bf7fe62a bf0b388a bf845539 bf1b9f86 bf886c24 bf29e87b bf8c3586 bf3725f8 bf8faf36 bf43da2e bf92d73b bf4f7f5e bf95abcb bf5b248f bf982b47 bf66c9c1 bf9a5446 bf6fcb2d bf9c258d bf7aeaa1 bf9d9e14 bf82c067 bf9ebd05 bf85ed73 bf9f81bc bf895f25 bf9febca bf8f31bd bf9ffaf3 bf936c07 bf9faf2d bf965638 bf9f08a5 bf998345 bf9e07b7 bf9d7ab2 bf9cacf8 bfa0203d bf9af92b bfa1fb69 bf98ed48 bfa282ea bf968a7a bfa30c34 bf93d21b bfa56b53 bf90c5b8 bfa5aff9 bf8d670b bfa52a3d bf89b7ff bfa45fdd bf85baac bfa56d1b bf817157 bfa30c34 bf79bcdd bfa0eff2 bf700919 bf9e8d44 bf65cce8 bf9cb3e0 bf5b0e1b bf98332a bf4fd2c9 bf932764 bf442159 bf9081d9 bf38006e bf8ea874 bf2b76ef bf8cd0d7 bf1e8bf9 bf891c48 bf1146e7 bf867883 bf03af42 bf80e701 beeb9987 bf7a6872 becf4ea1 bf6f48fe beb28de8 bf631a86 be9567b1 bf59935c be6fd91c bf4e7776 be345a85 bf4139f7 bdf0ead3 bf3a5db0 bd712f5f bf29ef97 00000000 bf176375 3d712f5f bf0aaf40 3df0ead3 befd08ab 3e345a85 bed902f8 3e6fd91c bebc69f3 3e9567b1 be9ca770 3eb28de8 be85642b 3ecf4ea1 be4b3515 3eeb9987 be12030b 3f03af42 bda94651 3f1146e7 bd0fdde6 3f1e8bf9 3c4b434c 3f2b76ef 3d94449f 3f38006e 3e056b47 3f442159 3e75c6a5 3f4fd2c9 3e89a758 3f5b0e1b 3ea969dc 3f65cce8 3ecb4a66 3f700919 3eea0177 3f79bcdd 3f0b4333 3f817157 3f132e7f 3f85baac 3f217b03 3f89b7ff 3f28dd04 3f8d670b 3f3616f4 3f90c5b8 3f42456f 3f93d21b 3f5091f1 3f968a7a 3f63a75a 3f98ed48 3f6b0ced 3f9af92b 3f78d3b5 3f9cacf8 3f7bf9a4 3f9e07b7 3f8458b4 3f9f08a5 3f891c48 3f9faf2d 3f8d5859 3f9ffaf3 3f90839f 3f9febca 3f94382e 3f9f81bc 3f99c9b0 3f9ebd05 3f9a0ac6 3f9d9e14 3f9c28d0 3f9c258d 3f9dbd90 3f9a5446 3fa173e6 3f982b47 3fa2c78e 3f95abcb 3fa1b6c4 3f92d73b 3fa3d305 3f8faf36 3fa526ae 3f8c3586 3fa417aa 3f886c24 3f9f9366 3f845539 3fa6c0c4 3f7fe62a 3fa1afa8 3f769072 3fa0ea9d 3f6cae95 3f9c2a96 3f624630 3f9ad360 3f575d30 3f976703 3f4bf9c7 3f95ceb5 3f40226d 3f92a1a9 3f33dddf 3f8f749a 3f273315 3f8b388a 3f1a2943 3f8809b6 3f0cc7d2 3f83cda3 3efe2cb7 3f809ecf 3ee23952 3f72fbc8 3ec5c559 3f6b05d1 3ea8e0f6 3f60f55f 3e8b9c97 3f565f33 3e5c11bc 3f489bfa 3e206d32 3f359856 3dc8daf5 3f2da25d 3d20d2b6 3f21f9a1 bca0d7cb 3f197df0 bda0be65 3f0dd532 be0c75be 3eeb0ced be483c72 3edf55f7 be81c8ac 3eb834fe be9f295a 3e9ecc95 bebc2f91 3e77c122 bed8cad3 3e383c1a bef4eadb 3e078233 bf083fd7 3da51878 bf15bcd0 3d0fdde6 bf22e4ad bd3a1a27 bf2faff3 bdd7e949 bf3c175f be3e72a9 bf4813e1 be64abb6 bf539eac be987279 bf5eb12d bebe87fd bf69451d beda0e6c bf735475 bef594e0 bf7cd980 bf0916f3 bf82e76a bf165470 bf8717ad bf249d65 bf8afb26 bf30cbde bf8e8fa1 bf3d8013 bf91d314 bf49ae8e bf94c3a5 bf5444b9 bf975fa8 bf674bed bf99a5a2 bf6d23da bf9b9446 bf794ec5 bf9d2a7c bf801adc bf9e675f bf8565f2 bf9f4a38 bf8aaf40 bf9fd288 bf910793 bfa00000 bf925d03 bf9fd288 bf969915 bf9f4a38 bf9657ff bf9e675f bf97f04b bf9d2a7c bf9a95d7 bf9b9446 bfa1f9a1 bf99a5a2 bfa1b88a bf975fa8 bfa391ef bf94c3a5 bfa67a57 bf91d314 bfa13495 bf8e8fa1 bfa853bc bf8afb26 bfa4a2ba bf8717ad bfa67a57 bf82e76a bfa28678 bf7cd980 bfa175ad bf735475 bfa0ee2a bf69451d bf994067 bf5eb12d bf9a0e55 bf539eac bf954733 bf4813e1 bf932af2 bf3c175f bf908567 bf2faff3 bf8d9cfe bf22e4ad bf8a6ff0 bf15bcd0 bf870006 bf083fd7 bf834b77 bef4eadb bf7c867d bed8cad3 bf71ecc2 bebc2f91 bf68eee5 be9f295a bf5cc06a be81c8ac bf4f82ec be483c72 bf41bc26 be0c75be bf336fa3 bda0be65 bf29ec08 bca0d7cb bf1d37d5 3d20d2b6 bf10839f 3dc8daf5 bf01add4 3e206d32 bee4abb6 3e5c11bc becd6156 3e8b9c97 beafbcdb 3ea8e0f6 be8cc29f 3ec5c559 be5e3c47 3ee23952 be3616f4 3efe2cb7 bde8d98f 3f0cc7d2 bd318594 3f1a2943 bc078233 3f273315 3d98ab58 3f33dddf 3e189d21 3f40226d 3e493a98 3f4bf9c7 3e7e2258 3f575d30 3e9ed3b1 3f624630 3eb834fe 3f6cae95 3ee3ae77 3f769072 3eec1147 3f7fe62a 3f06f8ea 3f845539 3f165470 3f886c24 3f25aff7 3f8c3586 3f33fc7b 3f8faf36 3f4248fd 3f92d73b 3f51a484 3f95abcb 3f5aa261 3f982b47 3f67dfdf 3f9a5446 3f705475 3f9c258d 3f7a64e6 3f9d9e14 3f8349b0 3f9ebd05 3f8785c0 3f9f81bc 3f8bc1d2 3f9febca 3f908567 3f9ffaf3 3f93f552 3f9faf2d 3f97225e 3f9f08a5 3f998345 3f9e07b7 3f9d7c7a 3f9cacf8 3f9e89b6 3f9af92b 3f9f98ba 3f98ed48 3fa0ea9d 3f968a7a 3fa4e598 3f93d21b 3fa6c0c4 3f90c5b8 3fa39028 3f8d670b 3fa3d4cc 3f89b7ff 3fa417aa 3f85baac 3fa6c0c4 3f817157 3fa129ec 3f79bcdd 3fa12f42 3f700919 3f9c6bae 3f65cce8 3f997fb7 3f5b0e1b 3f99c45b 3f4fd2c9 3f97e931 3f442159 3f9543a5 3f38006e 3f8e6596 3f2b76ef 3f8c02e9 3f1e8bf9 3f880b7c 3f1146e7 3f86f8ea 3f03af42 3f812818 3eeb9987 3f76ae90 3ecf4ea1 3f6dad25 3eb28de8 3f607334 3e9567b1 3f55dd07 3e6fd91c 3f4d6156 3e345a85 3f402766 3df0ead3 3f3616f4 3d712f5f 3f252a3d 26045e1f 3f19817d bd712f5f 3f0bbe44 bdf0ead3 3efe1420 be345a85 3ee39924 be6fd91c 3ed18f30 be9567b1 3eab79ac beb28de8 3e85642b becf4ea1 3e40c275 beeb9987 3e10088e bf03af42 3dadad0b bf1146e7 3ca9d47d bf1e8bf9 bcfd6983 bf2b76ef bdad742b bf38006e be0dd532 bf442159 be60616e bf4fd2c9 be8ff33b bf5b0e1b beac8c40 bf65cce8 becb434c bf700919 bee6c9c1 bf79bcdd bf05e9e6 bf817157 bf14b896 bf85baac bf1c28d1 bf89b7ff bf2b80c8 bf8d670b bf2fc785 bf90c5b8 bf4ddff4 bf93d21b bf5ba32e bf968a7a bf5f60a2 bf98ed48 bf6a7c87 bf9af92b bf77b678 bf9cacf8 bf7d08a9 bf9e07b7 bf812ba7 bf9f08a5 bf880b7c bf9faf2d bf8bc00b bf9ffaf3 bf90c67d bf9febca bf93f551 bf9f81bc bf9657ff bf9ebd05 bf98fd89 bf9d9e14 bf9cb219 bf9c258d bfa2c401 bf9a5446 bfa0ee2a bf982b47 bfa34f11 bf95abcb bfa2c78e bf92d73b bfa2c956 bf8faf36 bfa5f49b bf8c3586 bfa52a3d bf886c24 bfa52a3d bf845539 bfa393b6 bf7fe62a bfa34f11 bf769072 bfa023cc bf6cae95 bf9ad526 bf624630 bf9a101c bf575d30 bf97225e bf4bf9c7 bf94c177 bf40226d bf8ea6ae bf33dddf bf8dde14 bf273315 bf8ab107 bf1a2943 bf89a591 bf0cc7d2 bf8458b4 befe2cb7 bf801ca2 bee23952 bf70d6a2 bec5c559 bf6a83a5 bea8e0f6 bf5dcbdf be8b9c97 bf5778e1 be5c11bc bf4e7b04 be206d32 bf42d5d3 bdc8daf5 bf30cf6e bd20d2b6 bf206154 3ca0d7cb bf1657ff 3da0be65 bf080b7c 3e0c75be bef6b5ac 3e483c72 bed5d978 3e81c8ac bebd8abe 3e9f295a be975fe7 3ebc2f91 be7e1420 3ed8cad3 be3a44ce 3ef4eadb be0120fd 3f083fd7 bd7546ae 3f15bcd0 bc4a5fd1 3f22e4ad 3d323030 3f2faff3 3dc731e4 3f3c175f 3e2fd22d 3f4813e1 3e6f5737 3f539eac 3e998c27 3f5eb12d 3eb50b7e 3f69451d 3ecf7f5e 3f735475 3ef5aa35 3f7cd980 3f091e0f 3f82e76a 3f1548fb 3f8717ad 3f21fd30 3f8afb26 3f3049b0 3f8e8fa1 3f3fa537 3f91d314 3f49b21c 3f94c3a5 3f54d191 3f975fa8 3f64b2d2 3f99a5a2 3f6e39f9 3f9b9446 3f7b7778 3f9d2a7c 3f81b329 3f9e675f 3f85ef3a 3f9f4a38 3f8ab2cf 3f9fd288 3f904289 3fa00000 3f92e64d 3f9fd288 3f947b0d 3f9f4a38 3f983163 3f9e675f 3f971d09 3f9d2a7c 3f9cf331 3f9b9446 3fa02203 3f99a5a2 3fa2400d 3f975fa8 3fa45e15 3f94c3a5 3fa7d18f 3f91d314 3fa39028 3f8e8fa1 3fa308a5 3f8afb26 3fa4a0f3 3f8717ad 3fa34b82 3f82e76a 3fa28124 3f7cd980 3fa23e46 3f735475 3f9f0f70 3f69451d 3f9ec906 3f5eb12d 3f9c237a 3f539eac 3f96dbf3 3f4813e1 3f9500c7 3f3c175f 3f9190dd 3f2faff3 3f8e1f2b 3f22e4ad 3f89a03c 3f15bcd0 3f85a8d0 3f083fd7 3f812818 3ef4eadb 3f78cc98 3ed8cad3 3f705475 3ebc2f91 3f65be4a 3e9f295a 3f5a9ed4 3e81c8ac 3f5008a8 3e483c72 3f467df1 3e0c75be 3f3a4f78 3da0be65 3f31d3c8 3ca0d7cb 3f1f5250 bd20d2b6 3f0ab65c bdc8daf5 3f012818 be206d32 3ee076c0 be5c11bc 3ec92c60 be8b9c97 3eac935b bea8e0f6 3e8bc560 bec5c559 3e6b0ced bee23952 3e2fc3f8 befe2cb7 3dcfaa06 bf0cc7d2 3d757f8d bf1a2943 bc4a5fd1 bf273315 bd5c3394 bf33dddf bde8f5ff bf40226d be383c1a bf4bf9c7 be79d80e bf575d30 be965b8d bf624630 bebe8f19 bf6cae95 bedb281e bf769072 befe1420 bf7fe62a bf0cc9bb bf845539 bf1c2542 bf886c24 bf2d11fb bf8c3586 bf394074 bf8faf36 bf43da2e bf92d73b bf52a8df bf95abcb bf5d3f0a bf982b47 bf67d8c5 bf9a5446 bf726ef0 bf9c258d bf7a6155 bf9d9e14 bf830344 bf9ebd05 bf8565f2 bf9f81bc bf8d97a8 bf9febca bf8eaa3c bf9ffaf3 bf936c07 bf9faf2d bf95ceb5 bf9f08a5 bf998345 bf9e07b7 bf9d7ab2 bf9cacf8 bf9f55dd bf9af92b bfa064e2 bf98ed48 bfa1fd2e bf968a7a bfa30c34 bf93d21b bfa41972 bf90c5b8 bfa45fdd bf8d670b bfa41b38 bf89b7ff bfa4a2ba bf85baac bfa52876 bf817157 bfa34f11 bf79bcdd bfa0ab4d bf700919 bf9e8d44 bf65cce8 bf9b1b93 bf5b0e1b bf96135a bf4fd2c9 bf914c39 bf442159 bf937325 bf38006e bf8e63d0 bf2b76ef bf8bc00c bf1e8bf9 bf8892ff bf1146e7 bf867883 bf03af42 bf80a425 beeb9987 bf795970 becf4ea1 bf705804 beb28de8 bf642988 be9567b1 bf57fb10 be6fd91c bf500fc4 be345a85 bf43e14b bdf0ead3 bf3bf5fe bd712f5f bf29ef97 00000000 bf15cb27 3d712f5f bf0b388a 3df0ead3 befd08ab 3e345a85 bedb2102 3e6fd91c bebf9a8e 3e9567b1 bea1f612 3eb28de8 be8120fd 3ecf4ea1 be4b3515 3eeb9987 be142831 3f03af42 bdc6f904 3f1146e7 bd074954 3f1e8bf9 3c6d9597 3f2b76ef 3d94449f 3f38006e 3e2dc978 3f442159 3e53bb6f 3f4fd2c9 3e8ef5fc 3f5b0e1b 3eaa7553 3f65cce8 3ec92c60 3f700919 3eea0177 3f79bcdd 3f0a342e 3f817157 3f13b7c9 3f85baac 3f217b03 3f89b7ff 3f27ce01 3f8d670b 3f33f8eb 3f90c5b8 3f41bc26 3f93d21b 3f4e7059 3f968a7a 3f6430a4 3f98ed48 3f69749f 3f9af92b 3f773ef5 3f9cacf8 3f801ca2 3f9e07b7 3f8567b8 3f9f08a5 3f8a2b4c 3f9faf2d 3f8e675d 3f9ffaf3 3f8f2ff6 3f9febca 3f947cd3 3f9f81bc 3f97653b 3f9ebd05 3f9a4da5 3f9d9e14 3f9d7c7a 3f9c258d 3f9f9a82 3f9a5446 3fa0ec64 3f982b47 3fa282ea 3f95abcb 3fa308a5 3f92d73b 3fa308a5 3f8faf36 3fa4e3d2 3f8c3586 3fa1b16e 3f886c24 3fa16e91 3f845539 3fa6c0c4 3f7fe62a 3fa1b336 3f769072 3fa12f42 3f6cae95 3f9c6d74 3f624630 3f9a4da3 3f575d30 3f99817d 3f4bf9c7 3f95ceb5 3f40226d 3f9192a4 3f33dddf 3f8f72d4 3f273315 3f8b388a 3f1a2943 3f8809b6 3f0cc7d2 3f83cda3 3efe2cb7 3f7e1420 3ee23952 3f749088 3ec5c559 3f6b05d1 3ea8e0f6 3f606fa4 3e8b9c97 3f55502f 3e5c11bc 3f479084 3e206d32 3f39cd4b 3dc8daf5 3f2d1917 3d20d2b6 3f252321 bca0d7cb 3f197df0 bda0be65 3f0cc62d be0c75be 3ee6d7f7 be483c72 3ee0616e be81c8ac 3eb834fe be9f295a 3e9cae8c bebc2f91 3e75aa35 bed8cad3 3e3c782b bef4eadb 3e142830 bf083fd7 3dad9099 bf15bcd0 3c29d47d bf22e4ad bd3a1a27 bf2faff3 bde044fc bf3c175f be31ccab bf4813e1 be6f3ac7 bf539eac be997df0 bf5eb12d bebe87fd bf69451d bed8fbdc bf735475 bef6a058 bf7cd980 bf0916f3 bf82e76a bf16da2b bf8717ad bf238e60 bf8afb26 bf304296 bf8e8fa1 bf3cfa59 bf91d314 bf4b434c bf94c3a5 bf54ce01 bf975fa8 bf64abb6 bf99a5a2 bf6e32df bf9b9446 bf7d018f bf9d2a7c bf80a097 bf9e675f bf85642b bf9f4a38 bf89e4e0 bf9fd288 bf921699 bfa00000 bf91d582 bf9fd288 bf961192 bf9f4a38 bf976703 bf9e675f bf97ad6e bf9d2a7c bf9836b7 bf9b9446 bfa23e46 bf99a5a2 bfa066a9 bf975fa8 bfa3d4cc bf94c3a5 bfa67a57 bf91d314 bfa1ba51 bf8e8fa1 bfa0f1b8 bf8afb26 bfa4a2ba bf8717ad bfa5f49b bf82e76a bfa4a2ba bf7cd980 bfa30c34 bf735475 bf9cae8c bf69451d bf9e8b7d bf5eb12d bf99817d bf539eac bf96ddb9 bf4813e1 bf94382e bf3c175f bf914fc6 bf2faff3 bf8f3384 bf22e4ad bf8bc1d2 bf15bcd0 bf880d44 bf083fd7 bf845a7b bef4eadb bf79db9d bed8cad3 bf71f050 bebc2f91 bf63a03f be9f295a bf5c3aaf be81c8ac bf511b3b be483c72 bf42456f be0c75be bf372987 bda0be65 bf2afe9b bca0d7cb bf1c28d0 3d20d2b6 bf0eeb52 3dc8daf5 bf012818 3e206d32 bee9fa5b 3e5c11bc becc55de 3e8b9c97 beafbcdb 3ea8e0f6 be8ee7c3 3ec5c559 be55c425 3ee23952 be2d9ed1 3efe2cb7 bded23da 3f0cc7d2 bd318594 3f1a2943 3c2ab7f8 3f273315 3d6d5cb9 3f33dddf 3ded4047 3f40226d 3e20ea9d 3f4bf9c7 3e605337 3f575d30 3eaca193 3f624630 3ec2d246 3f6cae95 3edd4627 3f769072 3ef9df2a 3f7fe62a 3f0cd0d7 3f845539 3f1c2c5d 3f886c24 3f27d18f 3f8c3586 3f3594c6 3f8faf36 3f40b0ae 3f92d73b 3f500c34 3f95abcb 3f5aa261 3f982b47 3f6b107a 3f9a5446 3f70ddbd 3f9c258d 3f7e1b3c 3f9d9e14 3f83d131 3f9ebd05 3f880d44 3f9f81bc 3f8de1a2 3f9febca 3f8f7662 3f9ffaf3 3f92a1a9 3f9faf2d 3f954733 3f9f08a5 3f998345 3f9e07b7 3f9ba14d 3f9cacf8 3f9e46d9 3f9af92b 3f9f113a 3f98ed48 3f9f0f70 3f968a7a 3fa6c28a 3f93d21b 3fa8e093 3f90c5b8 3fa45c4e 3f8d670b 3fa45c4e 3f89b7ff 3fa417aa 3f85baac 3fa6c0c4 3f817157 3fa12825 3f79bcdd 3fa282ea 3f700919 3f9c6bae 3f65cce8 3f9ad360 3f5b0e1b 3f982dd5 3f4fd2c9 3f965470 3f442159 3f90c845 3f38006e 3f903d33 3f2b76ef 3f8b7d2e 3f1e8bf9 3f8b77d9 3f1146e7 3f862cc3 3f03af42 3f7d08a9 3eeb9987 3f738182 3ecf4ea1 3f6da995 3eb28de8 3f617eaa 3e9567b1 3f54ce01 3e6fd91c 3f4d6156 3e345a85 3f3e095d 3df0ead3 3f33f8eb 3d712f5f 3f2635b4 26045e1f 3f1a0739 bd712f5f 3f0ddc4e bdf0ead3 3f001914 be345a85 3ee39924 be6fd91c 3ecf7126 be9567b1 3eaea32c beb28de8 3e878950 becf4ea1 3e341c77 beeb9987 3e165b8d bf03af42 3dc2cb29 bf1146e7 3cdcde2f bf1e8bf9 bccad18e bf2b76ef bda51878 bf38006e be142830 bf442159 be57e949 bf4fd2c9 be8dd532 bf5b0e1b bead97b5 bf65cce8 bec92542 bf700919 bee8e7c9 bf79bcdd bf05609d bf817157 bf1432da bf85baac bf1d37d5 bf89b7ff bf29ec09 bf8d670b bf372987 bf90c5b8 bf4a30b9 bf93d21b bf519d67 bf968a7a bf65b39f bf98ed48 bf69f6cd bf9af92b bf79d481 bf9cacf8 bf79df2a bf9e07b7 bf8499ca bf9f08a5 bf880b7c bf9faf2d bf8bc1d3 bf9ffaf3 bf8f31bd bf9febca bf947b0c bf9f81bc bf9657ff bf9ebd05 bf98fd89 bf9d9e14 bf9cf4f7 bf9c258d bfa064e2 bf9a5446 bfa0ee2a bf982b47 bfa2400c bf95abcb bfa30c34 bf92d73b bfa56d1b bf8faf36 bfa5b1bd bf8c3586 bfa56d1b bf886c24 bfa52a3d bf845539 bfa41972 bf7fe62a bfa30a6d bf769072 bf9fa19e bf6cae95 bf9e8d44 bf624630 bf9a9249 bf575d30 bf969915 bf4bf9c7 bf9768ca bf40226d bf910b22 bf33dddf bf8c45c7 bf273315 bf8ab107 bf1a2943 bf8785c0 bf0cc7d2 bf83cf6b befe2cb7 bf7ea0f5 bee23952 bf715c5d bec5c559 bf697112 bea8e0f6 bf5ede72 be8b9c97 bf58022c be5c11bc bf4d6c00 be206d32 bf3c749e bdc8daf5 bf3158b6 bd20d2b6 bf228678 3ca0d7cb bf1657ff 3da0be65 bf091a80 3e0c75be beff34eb 3e483c72 bedc3aaf 3e81c8ac beb3f8eb 3e9f295a be931cb9 3ebc2f91 be6d15a2 3ed8cad3 be33f1d0 3ef4eadb bdd7ccd9 3f083fd7 bd8765c3 3f15bcd0 bc280d87 3f22e4ad 3d3a8be4 3f2faff3 3dcb5fbc 3f3c175f 3e20f8d5 3f4813e1 3e66d0da 3f539eac 3e92185f 3f5eb12d 3ebd8abe 3f69451d 3ed3c28c 3f735475 3ef8dad0 3f7cd980 3f0c4eaa 3f82e76a 3f1baa31 3f8717ad 3f21fd30 3f8afb26 3f2f371d 3f8e8fa1 3f3d872f 3f91d314 3f4a3b64 3f94c3a5 3f5008a8 3f975fa8 3f6294c8 3f99a5a2 3f6db0af 3f9b9446 3f77c122 3f9d2a7c 3f80e701 3f9e675f 3f85ef3a 3f9f4a38 3f89e6a7 3f9fd288 3f8f7662 3fa00000 3f91d749 3f9fd288 3f943668 3f9f4a38 3f97eaf7 3f9e675f 3f9ba14d 3f9d2a7c 3f9b9f86 3f9b9446 3f9ecc95 3f99a5a2 3fa0ec64 3f975fa8 3fa0a5f8 3f94c3a5 3fa1f7da 3f91d314 3fa4a0f3 3f8e8fa1 3fa6c0c4 3f8afb26 3fa7cfc7 3f8717ad 3fa52876 3f82e76a 3fa41971 3f7cd980 3fa282ea 3f735475 3f9f4ec1 3f69451d 3f9cb051 3f5eb12d 3f9c2709 3f539eac 3f97eaf7 3f4813e1 3f95456c 3f3c175f 3f910b22 3f2faff3 3f8d9970 3f22e4ad 3f8b34fb 3f15bcd0 3f85a8d0 3f083fd7 3f80a25d 3ef4eadb 3f78cc98 3ed8cad3 3f6fcb2d 3ebc2f91 3f664405 3e9f295a 3f5a9ed4 3e81c8ac 3f508e63 3e483c72 3f445fe9 3e0c75be 3f3a5306 3da0be65 3f30c4c2 3ca0d7cb 3f206153 bd20d2b6 3f0bc1d3 bdc8daf5 3f012818 be206d32 3ee3a03f be5c11bc 3ecb434c be8b9c97 3eab87e5 bea8e0f6 3e8ab9ea bec5c559 3e68e7c9 bee23952 3e2d9ed1 befe2cb7 3de4abb6 bf0cc7d2 3d323030 bf1a2943 bc4a5fd1 bf273315 bd648f47 bf33dddf bdd805b9 bf40226d be46f904 bf4bf9c7 be7bfd33 bf575d30 bea62b08 bf624630 bec4e216 bf6cae95 bee28690 bf769072 bef9d80e bf7fe62a bf0aaf40 bf845539 bf17ecbe bf886c24 bf295f33 bf8c3586 bf3616f4 bf8faf36 bf4350e3 bf92d73b bf508ad7 bf95abcb bf5c3394 bf982b47 bf66c9c1 bf9a5446 bf705475 bf9c258d bf7b705d bf9d9e14 bf8129e0 bf9ebd05 bf852314 bf9f81bc bf89a203 bf9febca bf9432da bf9ffaf3 bf91518d bf9faf2d bf96ddba bf9f08a5 bf994067 bf9e07b7 bf9c6d74 bf9cacf8 bf9f55dd bf9af92b bfa064e2 bf98ed48 bfa1fd2e bf968a7a bfa3d694 bf93d21b bfa45e15 bf90c5b8 bfa4a2ba bf8d670b bfa4a2ba bf89b7ff bfa45fdd bf85baac bfa5aff9 bf817157 bfa2c956 bf79bcdd bfa175ad bf700919 bf9cb052 bf65cce8 bf9b19cb bf5b0e1b bf97ecbe bf4fd2c9 bf932764 bf442159 bf925ecb bf38006e bf90ca0b bf2b76ef bf8cd0d7 bf1e8bf9 bf8ab495 bf1146e7 bf86bd28 bf03af42 bf7d08ab beeb9987 bf7a6872 becf4ea1 bf6f48fe beb28de8 bf65388e be9567b1 bf59935c be6fd91c bf4f00c1 be345a85 bf44f3de bdf0ead3 bf3b7043 bd712f5f 
